title,provider,source,category,eligibility_text,amount,deadline,apply_url
ASPIRE LEADERS PROGRAM 2026,Buddy4Study Partner,Buddy4Study,General,First-generation learners,"Free access to training modules, live sessions by Havard faculty",,https://www.buddy4study.com/page/aspire-leaders-program
COLLEGE BOARD 90% FEE WAIVER PROGRAM,Buddy4Study Partner,Buddy4Study,General,Class 11 and 12,Tuition fee waiver,21 May 2026,https://www.buddy4study.com/collegeboard
NURTR NURTURING MINDS WITH CHESS PROGRAM (90% FEE WAIVER) 2025-26,Buddy4Study Partner,Buddy4Study,General,School or college students under the age range of 5 to 25 years,90% fee waiver,31 March 2026,https://www.buddy4study.com/nurtneo
BUDDY4STUDY PSYCHOMETRIC TEST,Buddy4Study Partner,Buddy4Study,General,Candidates must have passed Class 10 or must be pursuing higher education.,"Report, certificate & many more",31 March 2026,https://www.buddy4study.com/page/buddy4study-career-test
IITM SUMMER FELLOWSHIP PROGRAMME 2026,Buddy4Study Partner,Buddy4Study,General,UG and PG students,"₹15,000 per month",,https://www.buddy4study.com/scholarship/iitm-summer-fellowship-programme-2026
SOAS UNIVERSITY OF LONDON FELIX SCHOLARSHIPS 2026-27,Buddy4Study Partner,Buddy4Study,General,Master's applicants,"Tuition fees, living costs and airfare",,https://www.buddy4study.com/scholarship/soas-university-of-london-felix-scholarships-2026
SCHNEIDER SCHOLAR PROGRAM,Buddy4Study Partner,Buddy4Study,General,For female students across India,"Scholarship up to ₹50,000",,https://www.buddy4study.com/page/schneider-electric-india-foundation
"PRESIDENT'S PHD SCHOLARSHIPS, IMPERIAL COLLEGE LONDON 2026-27",Buddy4Study Partner,Buddy4Study,General,Ph.D. applicants,Fully funded tuition with other benefits,,https://www.buddy4study.com/scholarship/presidents-phd-scholarships-imperial-college-london-2026
VIVO KANYAGYAAN SCHOLARSHIP PROGRAM 2025-26,Buddy4Study Partner,Buddy4Study,General,For girl students enrolled in UG STEM courses,"Fixed scholarship of INR 60,000 per year for 3 years",,https://www.buddy4study.com/page/vivo-kanya-gyaan-scholarship-program
"POST-MATRIC SCHOLARSHIP FOR ST, SC AND MBC STUDENTS, ODISHA 2025-26",Buddy4Study Partner,Buddy4Study,General,Postmatric students,Financial assistance for pursuing higher education,,https://www.buddy4study.com/scholarship/postmatric-scholarship-for-st-sc-and-mbc-students-odisha-2025
FULBRIGHT TEACHING EXCELLENCE AND ACHIEVEMENT PROGRAM 2026-27,Buddy4Study Partner,Buddy4Study,General,Full-time school teachers,Variable awards,,https://www.buddy4study.com/scholarship/fulbright-teaching-excellence-and-achievement-program-2026
BGM FOUNDATION PASHU-SEVA SCHOLARSHIP PROGRAM 2025–26 (FOR DIPLOMA COURSES),Buddy4Study Partner,Buddy4Study,General,"For full-time graduate, professional degree & Diploma students","Award of up to INR 75,000",,https://www.buddy4study.com/page/bgm-pashu-seva-scholarship-program
CSIR-CCMB SUMMER TRAINING PROGRAM 2026,Buddy4Study Partner,Buddy4Study,General,Students from all branches of life sciences,Research experience and mentorship from CCMB scientists,,https://www.buddy4study.com/scholarship/csir-ccmb-summer-training-program-2026
BGM FOUNDATION PASHU-SEVA SCHOLARSHIP PROGRAM 2025–26 (FOR GENERAL / PROFESSIONAL GRADUATION),Buddy4Study Partner,Buddy4Study,General,"For full-time graduate, professional degree & Diploma students","Award of up to INR 75,000",,https://www.buddy4study.com/page/bgm-pashu-seva-scholarship-program
MYNVIDYA: MYNTRA CARES SCHOLARSHIP PROGRAM FOR UPSKILLING PROGRAM STUDENTS,Buddy4Study Partner,Buddy4Study,General,For NSDC artisan upskilling program students,"Scholarship of INR 20,000 per year",,https://www.buddy4study.com/page/mynvidhya-myntra-cares-scholarship-program
MYNVIDYA: MYNTRA CARES SCHOLARSHIP PROGRAM FOR CHILDREN OF ARTISAN FAMILIES,Buddy4Study Partner,Buddy4Study,General,For Children of Artisan Families,"Scholarship of INR 20,000 per year",,https://www.buddy4study.com/page/mynvidhya-myntra-cares-scholarship-program
BGM FOUNDATION PASHU-SEVA SCHOLARSHIP PROGRAM 2025–26 (FOR GENERAL / PROFESSIONAL POST-GRADUATION),Buddy4Study Partner,Buddy4Study,General,"For full-time graduate, professional degree & Diploma students","Award of up to INR 75,000",,https://www.buddy4study.com/page/bgm-pashu-seva-scholarship-program
TATA CAPITAL PANKH SCHOLARSHIP PROGRAM FOR CLASS 11 AND 12 STUDENTS (2025–26),Buddy4Study Partner,Buddy4Study,General,For class 11 students,"Scholarship up to INR 15,000",,https://www.buddy4study.com/page/the-tata-capital-pankh-scholarship-programme
TATA CAPITAL PANKH SCHOLARSHIP PROGRAM FOR GENERAL GRADUATION / POLYTECHNIC / DIPLOMA / ITI STUDENTS (2025–26),Buddy4Study Partner,Buddy4Study,General,For students pursuing Diploma/Polytechnic or general graduation,"Scholarship up to INR 18,000",,https://www.buddy4study.com/page/the-tata-capital-pankh-scholarship-programme
TATA CAPITAL PANKH SCHOLARSHIP PROGRAM FOR SPECIALISED DISCIPLINE PROGRAMME (2025–26),Buddy4Study Partner,Buddy4Study,General,For students pursuing professional courses,"Scholarship up to INR 1,00,000",,https://www.buddy4study.com/page/the-tata-capital-pankh-scholarship-programme
MYNVIDYA: MYNTRA CARES SCHOLARSHIP PROGRAM FOR CHILDREN OF GARMENT WORKERS,Buddy4Study Partner,Buddy4Study,General,For children of garment workers,"Scholarship of INR 20,000 per year",,https://www.buddy4study.com/page/mynvidhya-myntra-cares-scholarship-program
THE BRITISH ACADEMY INTERNATIONAL FELLOWSHIP 2026,Buddy4Study Partner,Buddy4Study,General,PhD Applicants,"Fellowship of up to £20,000",,https://www.buddy4study.com/scholarship/the-british-academy-international-fellowship-2026
"UNIVERSITY OF NOTTINGHAM, UK INTERNATIONAL UNDERGRADUATE EXCELLENCE SCHOLARSHIPS 2026",Buddy4Study Partner,Buddy4Study,General,Undergraduate students,"Up to GBP 2,000",,https://www.buddy4study.com/scholarship/university-of-nottingham-uk-international-undergraduate-excellence-scholarships-2026
IMPERIAL COLLEGE LONDON WIDENING PARTICIPATION POSTGRADUATE SCHOLARSHIP 2026-27,Buddy4Study Partner,Buddy4Study,General,Postgraduate students,"£4,999 (one-time)",,https://www.buddy4study.com/scholarship/imperial-college-london-widening-participation-postgraduate-scholarship-2026
IRELAND INTERNATIONAL EDUCATION SCHOLARSHIP 2026-27,Buddy4Study Partner,Buddy4Study,General,Graduated students,"Up to €10,000 (approximately ₹10,90,070)",,https://www.buddy4study.com/scholarship/ireland-international-education-scholarship-2026
LEAP EMERGE FELLOWSHIP PROGRAM 2026-27,Buddy4Study Partner,Buddy4Study,General,Final year of UG students,"Stipend of $3,000",,https://www.buddy4study.com/scholarship/leap-emerge-fellowship-program-2026
JN TATA ENDOWMENT LOAN SCHOLARSHIP 2026–27,Buddy4Study Partner,Buddy4Study,General,For students across India for higher studies abroad,Loan scholarship offering up to INR 20 lakhs,,https://www.buddy4study.com/page/jn-tata-endowment-loan-scholarship
ZOLVE GLOBAL SCHOLARSHIP 2026,Buddy4Study Partner,Buddy4Study,General,Students pursuing higher education in the US/Canada,"Scholarship of up to $5,000",,https://www.buddy4study.com/scholarship/zolve-global-scholarship-2026
NGSF INTERNSHIP PROGRAM 2025-26,Buddy4Study Partner,Buddy4Study,General,Undergraduate/postgraduate students,"A monthly stipend of up to ₹6,000",,https://www.buddy4study.com/scholarship/ngsf-internship-program-2025
FRÉDÉRIC BASTIAT FELLOWSHIP 2026-27,Buddy4Study Partner,Buddy4Study,General,Graduate students,"Fellowship of up to $5,000 for 1 year",,https://www.buddy4study.com/scholarship/frederic-bastiat-fellowship-2026
OSKAR MORGENSTERN FELLOWSHIP PROGRAM 2026,Buddy4Study Partner,Buddy4Study,General,"Graduate students, scholars, and practitioners","Stipend of $2,250",,https://www.buddy4study.com/scholarship/oskar-morgenstern-fellowship-program-2026
TINGSHUA UNIVERSITY AMGEN SCHOLARS PROGRAM 2026,Buddy4Study Partner,Buddy4Study,General,Students enrolled in a Bachelor’s degree programme in Asian universities/colleges,"A stipend of CNY 10,000 (₹1,23,537 approx.) and other benefits",,https://www.buddy4study.com/scholarship/tingshua-university-amgen-scholars-program-2026
TAIWAN ICDF INTERNATIONAL HIGHER EDUCATION SCHOLARSHIP PROGRAM 2026,Buddy4Study Partner,Buddy4Study,General,"Undergraduate, graduate and Ph.D. applicants","Monthly allowance up to TWD 20,000 and other benefits",,https://www.buddy4study.com/scholarship/taiwan-icdf-international-higher-education-scholarship-program-2026
ASPIRE LEADERS PROGRAM 2026,Buddy4Study Partner,Buddy4Study,General,First-generation learners,"Free access to training modules, live sessions by Havard faculty",,https://www.buddy4study.com/page/aspire-leaders-program
NIAS FELLOWSHIP 2026,Buddy4Study Partner,Buddy4Study,General,Researchers in the field of humanities and social sciences,Stipend and other benefits,,https://www.buddy4study.com/scholarship/nias-fellowship-2026
NAROTAM SEKHSARIA FOUNDATION POST GRADUATE SCHOLARSHIP 2026-27,Buddy4Study Partner,Buddy4Study,General,"Indian nationals, below 30 years of age as of January 31, 2026 planning to pursue Postgraduate studies at institutions in India and abroad from Fall 2026",Candidate will be awarded repayable interest-free financial assistance to pursue advanced studies at esteemed institutions,,https://www.buddy4study.com/page/narotam-sekhsaria-scholarships-program
THE NUS INTERNATIONAL UNDERGRADUATE SCHOLARSHIP 2026,Buddy4Study Partner,Buddy4Study,General,Undergraduate applicants,"Up to SGD 5,800 and other benefits",19 March 2026,https://www.buddy4study.com/scholarship/the-nus-international-undergraduate-scholarship-2026
SOAS LONDON - SHAPOORJI PALLONJI SCHOLARSHIP FOR PG STUDENTS 2026-27,Buddy4Study Partner,Buddy4Study,General,Master's applicants,Financial support for fees and living costs,21 March 2026,https://www.buddy4study.com/scholarship/soas-london-shapoorji-pallonji-scholarship-for-pg-students-2026
ASHOKA UNIVERSITY YOUNG INDIA FELLOWSHIP 2026-27,Buddy4Study Partner,Buddy4Study,General,Graduates and final-year undergraduate,Partial or fully funded fellowship,23 March 2026,https://www.buddy4study.com/scholarship/ashoka-university-young-india-fellowship-2026
FULBRIGHT DISTINGUISHED AWARDS IN TEACHING PROGRAM 2026-27,Buddy4Study Partner,Buddy4Study,General,Students holding a graduate degree,Daily allowances and other benefits,24 March 2026,https://www.buddy4study.com/scholarship/fulbright-distinguished-awards-in-teaching-program-2026
CAMBRIDGE DIGITAL MINDS FELLOWSHIP 2026,Buddy4Study Partner,Buddy4Study,General,"Graduate students, postdocs, early-career academics, and professionals in relevant fields","Stipend of £1,000 and other benefits",27 March 2026,https://www.buddy4study.com/scholarship/cambridge-digital-minds-fellowship-2026
IMPERIAL COLLEGE LONDON IMPERIAL EXCELLENCE SCHOLARSHIP 2026-27,Buddy4Study Partner,Buddy4Study,General,M.Sc. applicants,"Up to £15,000 towards tuition fees",30 March 2026,https://www.buddy4study.com/scholarship/imperial-college-london-imperial-excellence-scholarship-2026
STUDY IN INDIA (DOMESTIC) EDUCATION LOAN - UG & PG,Buddy4Study Partner,Buddy4Study,General,"Class 12 passed, graduation students (all years)",Collateral free loan of up to ₹40 Lakh,31 March 2026,https://www.buddy4study.com/page/buddy4study-education-loan-programme
STUDY ABROAD (INTERNATIONAL) EDUCATION LOAN - UG & PG,Buddy4Study Partner,Buddy4Study,General,"12th passed, UG & PG students (all years)",Collateral free loan of up to ₹ 40 Lakh,31 March 2026,https://www.buddy4study.com/page/buddy4study-education-loan-programme
BUDDY4STUDY - AVANSE INTERNATIONAL EDUCATION LOAN PROGRAMME,Buddy4Study Partner,Buddy4Study,General,Undergraduate and postgraduate students,Loan amount ranging from 10 lakh to 2 crore,31 March 2026,https://www.buddy4study.com/page/buddy4study-avanse-international-education-loan-programme
BUDDY4STUDY - AUXILO INTERNATIONAL EDUCATION LOAN PROGRAMME,Buddy4Study Partner,Buddy4Study,General,Undergraduate and postgraduate students,Loan amount ranging from 10 lakh to 2 crore,31 March 2026,https://www.buddy4study.com/page/buddy4study-auxilo-international-education-loan-programme
BUDDY4STUDY-PROPELLD DOMESTIC EDUCATION LOAN PROGRAMME,Buddy4Study Partner,Buddy4Study,General,Undergraduate and postgraduate students,"Loan amount ranging from INR 50,000 To INR 10 Lakh",31 March 2026,https://www.buddy4study.com/page/buddy4study-propelld-domestic-education-loan-programme
BUDDY4STUDY - ICICI BANK INTERNATIONAL EDUCATION LOAN PROGRAMME,Buddy4Study Partner,Buddy4Study,General,"For undergraduate, postgraduate and PG diploma students abroad",Loan up to INR 2 crore,31 March 2026,https://www.buddy4study.com/page/buddy4study-icici-bank-education-loan-programme
BUDDY4STUDY-PNB DOMESTIC EDUCATION LOAN PROGRAMME,Buddy4Study Partner,Buddy4Study,General,Students puruing higher education in India,Rate of interest starting from 7.1%,31 March 2026,https://www.buddy4study.com/page/buddy4study-pnb-education-loan-programme
BUDDY4STUDY PSYCHOMETRIC TEST,Buddy4Study Partner,Buddy4Study,General,Candidates must have passed Class 10 or must be pursuing higher education.,"Report, certificate & many more",31 March 2026,https://www.buddy4study.com/page/buddy4study-career-test
BUDDY4STUDY-AXIS BANK DOMESTIC EDUCATION LOAN PROGRAM,Buddy4Study Partner,Buddy4Study,General,"Students who are enrolled in courses like Medicine, Engineering, Management etc ., either at the graduate or postgraduate level in India","Starting from INR 50,000 with no upper limit & funding up to 100% of total cost of education.",31 March 2026,https://www.buddy4study.com/page/buddy4study-axis-bank-education-loan-program
NATIONAL OVERSEAS SCHOLARSHIP SCHEME 2025-26,Buddy4Study Partner,Buddy4Study,General,"Students belonging to the SC, DNT & Semi-Nomadic Tribes, Landless Agricultural Labourers, & Traditional Artisans category","An annual maintenance allowance of USD 15,400 and other benefits",31 March 2026,https://www.buddy4study.com/scholarship/national-overseas-scholarship-scheme-2025
BUDDY4STUDY - PRODIGY FINANCE EDUCATION LOAN PROGRAM,Buddy4Study Partner,Buddy4Study,General,For college students who aspire to study abroad,Flexible international student loans,31 March 2026,https://www.buddy4study.com/page/buddy4study-prodigy-finance-education-loan-program
MINISTRY OF PANCHAYATI RAJ (MOPR) INTERNSHIP SCHEME 2024,Buddy4Study Partner,Buddy4Study,General,"Students enrolled in Undergraduate, Graduate, or Postgraduate degree programs, or Research Scholars pursuing Doctoral (Ph.D.) or Post-doctoral degree","A monthly stipend of ₹7,000 and other benefits",31 March 2026,https://www.buddy4study.com/scholarship/ministry-of-panchayati-raj-mopr-internship-scheme-2024
CLASSIC IAS ACADEMY AFFORDABLE COACHING PROGRAM 2024-25,Buddy4Study Partner,Buddy4Study,General,Students seeking to pursue an IAS coaching program,"₹22,000 (66% waiver on the actual fee)",31 March 2026,https://www.buddy4study.com/scholarship/classic-ias-academy-affordable-coaching-program-2024-25
ARTURO FALASCHI SMART FELLOWSHIPS 2026,Buddy4Study Partner,Buddy4Study,General,Life Sciences researchers from ICGEB Member States,"Stipend of ranging $1,500-2,000",31 March 2026,https://www.buddy4study.com/scholarship/arturo-falaschi-smart-fellowships-2026
KIND CIRCLE SCHOLARSHIP FOR MERITORIOUS STUDENTS 2025-26,Buddy4Study Partner,Buddy4Study,General,Class 1 to PG students,Variable awards,31 March 2026,https://www.buddy4study.com/page/kind-circle-scholarship-for-meritorious-students
BUDDY4STUDY STREAM SELECTOR TEST,Buddy4Study Partner,Buddy4Study,General,Class 10 passed students,"Report, certificate & many more",31 March 2026,https://www.buddy4study.com/page/buddy4study-career-test
NURTR NURTURING MINDS WITH CHESS PROGRAM (50% FEE WAIVER) 2025-26,Buddy4Study Partner,Buddy4Study,General,School or college students under the age range of 5 to 25 years,50% fee waiver,31 March 2026,https://www.buddy4study.com/nurtneo
NURTR NURTURING MINDS WITH CHESS PROGRAM (90% FEE WAIVER) 2025-26,Buddy4Study Partner,Buddy4Study,General,School or college students under the age range of 5 to 25 years,90% fee waiver,31 March 2026,https://www.buddy4study.com/nurtneo
NURTR NURTURING MINDS WITH CHESS PROGRAM (ACTUAL COST) 2025-26,Buddy4Study Partner,Buddy4Study,General,School or college students under the age range of 5 to 25 years,"nurtr Neo Course at ₹9,999",31 March 2026,https://www.buddy4study.com/nurtneo
"VOCATIONAL TRAINING FEE REIMBURSEMENT FOR ST STUDENTS, MAHARASHTRA 2025-26",Buddy4Study Partner,Buddy4Study,General,ST students enrolled in vocational courses under PPP scheme,Up to 100% reimbursement of the course fee,31 March 2026,https://www.buddy4study.com/scholarship/vocational-training-fee-reimbursement-for-st-students-maharashtra-2025
"MAINTENANCE ALLOWANCE FOR SC STUDENTS IN PROFESSIONAL COURSES, MAHARASHTRA 2025-26",Buddy4Study Partner,Buddy4Study,General,SC students pursuing professional courses,"A monthly maintenance allowance up to ₹1,000",31 March 2026,https://www.buddy4study.com/scholarship/maintenance-allowance-for-sc-students-in-professional-courses-maharashtra-2025
"RAJARSHI CHHATRAPATI SHAHU MAHARAJ SHIKSHAN SHULK SHISHYAVRUTTI YOJNA, MAHARASHTRA 2025-26",Buddy4Study Partner,Buddy4Study,General,Students studying at undergraduate and postgraduate level,Up to 100% of tuition and exam fees,31 March 2026,https://www.buddy4study.com/scholarship/rajarshi-chhatrapati-shahu-maharaj-shikshan-shulk-shishyavrutti-yojna-maharashtra-2025
"AMBEDKAR OVERSEAS VIDYA NIDHI SC DEVELOPMENT SCHOLARSHIP, TELANGANA 2025-26",Buddy4Study Partner,Buddy4Study,General,SC students,Up to ₹20 lakhs and other benefits,31 March 2026,https://www.buddy4study.com/scholarship/ambedkar-overseas-vidya-nidhi-sc-development-scholarship-telangana-2025
"EDUCATION CONCESSION TO THE CHILDREN OF EX-SERVICEMEN, MAHARASHTRA 2025-26",Buddy4Study Partner,Buddy4Study,General,Children/wife/widow of ex-servicemen pursuing higher education,"100% waiver of fees incurred for admission, semester exams, library, and laboratory",31 March 2026,https://www.buddy4study.com/scholarship/education-concession-to-the-children-of-ex-servicemen-maharashtra-2025
"POST-MATRIC SCHOLARSHIP FOR PERSONS WITH DISABILITY, MAHARASHTRA 2025-26",Buddy4Study Partner,Buddy4Study,General,Disabled students studying in Class 11 to Ph.D. level,"A monthly maintenance allowance up to ₹1,200 and other benefits",31 March 2026,https://www.buddy4study.com/scholarship/post-matric-scholarship-for-persons-with-disability-maharashtra-2025
INLAKS SHIVDASANI SCHOLARSHIPS 2026,Buddy4Study Partner,Buddy4Study,General,Indian students pursuing PG degree abroad,"A maximum of $1,20,000 and other benefits (one-time)",31 March 2026,https://www.buddy4study.com/scholarship/inlaks-shivdasani-scholarships-2026
"VOCATIONAL TRAINING FEE REIMBURSEMENT FOR SC STUDENTS, MAHARASHTRA 2025-26",Buddy4Study Partner,Buddy4Study,General,SC category students of Maharashtra,100% reimbursement of course fees,31 March 2026,https://www.buddy4study.com/scholarship/vocational-training-fee-reimbursement-for-sc-students-maharashtra-2025
"POST-MATRIC SCHOLARSHIP SCHEME GOVERNMENT OF INDIA, MAHARASHTRA 2025-26",Buddy4Study Partner,Buddy4Study,General,Class 10 passed ST students,Vocational education fee reimbursement,31 March 2026,https://www.buddy4study.com/scholarship/postmatric-scholarship-scheme-government-of-india-maharashtra-2025
"STATE GOVERNMENT OPEN MERIT SCHOLARSHIP, MAHARASHTRA 2025-26",Buddy4Study Partner,Buddy4Study,General,Class 12 passed students,₹100 per month,31 March 2026,https://www.buddy4study.com/scholarship/state-government-open-merit-scholarship-maharashtra-2025
"TUITION FEE AND EXAMINATION FEE FOR TRIBAL STUDENTS (FREESHIP), MAHARASHTRA 2025-26",Buddy4Study Partner,Buddy4Study,General,ST students studying at post-matric level,Education Fees Reimbursement,31 March 2026,https://www.buddy4study.com/scholarship/tuition-fee-and-examination-fee-for-tribal-students-freeship-maharashtra-2025
"SCHOLARSHIP TO MERITORIOUS STUDENTS POSSESSING MATHEMATICS/PHYSICS, MAHARASHTRA 2025-26",Buddy4Study Partner,Buddy4Study,General,Students pursuing Graduation degree in Science,₹100 per month,31 March 2026,https://www.buddy4study.com/scholarship/scholarship-to-meritorious-students-possessing-mathematics-physics-maharashtra-2025
"GOVERNMENT VIDYANIKETAN SCHOLARSHIP, MAHARASHTRA 2025-26",Buddy4Study Partner,Buddy4Study,General,Class 10 passed students from Government Vidhyaniketan,₹100 per month,31 March 2026,https://www.buddy4study.com/scholarship/government-vidyaniketan-scholarship-maharashtra-2025
"STATE GOVERNMENT DAXSHINA ADHICHATRA SCHOLARSHIP, MAHARASHTRA 2025-26",Buddy4Study Partner,Buddy4Study,General,Students pursuing postgraduate courses in designated institutions,₹250 per month,31 March 2026,https://www.buddy4study.com/scholarship/state-government-daxshina-adhichatra-scholarship-maharashtra-2025-26
"GOVERNMENT RESEARCH ADHICHATRA, MAHARASHTRA 2025-26",Buddy4Study Partner,Buddy4Study,General,Postgraduate degree holders,"A monthly scholarship of up to ₹750, with an additional ₹1,000 annually for other expenses",31 March 2026,https://www.buddy4study.com/scholarship/government-research-adhichatra-maharashtra-2025
"POST-MATRIC SCHOLARSHIP TO VJNT STUDENTS, MAHARASHTRA 2025-26",Buddy4Study Partner,Buddy4Study,General,VJNT category students studying in Class 11 and above,A monthly maintenance allowance up to ₹425 and other benefits,31 March 2026,https://www.buddy4study.com/scholarship/post-matric-scholarship-to-vjnt-students-maharashtra-2025
"TUITION FEES AND EXAMINATION FEES TO VJNT STUDENTS, MAHARASHTRA 2025-26",Buddy4Study Partner,Buddy4Study,General,VJNT category students studying at post-matric level,"Up to 100% reimbursement for tuition, exams, and other admissible fees",31 March 2026,https://www.buddy4study.com/scholarship/tuition-fees-and-examination-fees-to-vjnt-students-maharashtra-2025
"RAJARSHI CHHATRAPATI SHAHU MAHARAJ MERIT SCHOLARSHIP FOR VJNT AND SBC CATEGORY, MAHARASHTRA 2025-26",Buddy4Study Partner,Buddy4Study,General,Students enrolled in Class 11 and 12,A monthly scholarship of ₹300 for 10 months,31 March 2026,https://www.buddy4study.com/scholarship/rajarshi-chhatrapati-shahu-maharaj-merit-scholarship-for-vjnt-and-sbc-category-maharashtra-2025
"POST-MATRIC SCHOLARSHIP TO SBC STUDENTS, MAHARASHTRA 2025-26",Buddy4Study Partner,Buddy4Study,General,SBC students studying in Class 11 and above,A monthly maintenance allowance up to ₹425 and other benefits,31 March 2026,https://www.buddy4study.com/scholarship/postmatric-scholarship-to-sbc-students-maharashtra-2025
"POST-MATRIC SCHOLARSHIP TO OBC STUDENTS, MAHARASHTRA 2025-26",Buddy4Study Partner,Buddy4Study,General,OBC students studying in Class 11 and above,A monthly maintenance allowance up to ₹425 and other benefits,31 March 2026,https://www.buddy4study.com/scholarship/post-matric-scholarship-to-obc-students-maharashtra-2025-26
"TUITION FEES AND EXAMINATION FEES TO OBC STUDENTS, MAHARASHTRA 2025-26",Buddy4Study Partner,Buddy4Study,General,OBC students studying in Class 11 and above,"Up to 100% reimbursement in tuition, exams, and other admissible fees",31 March 2026,https://www.buddy4study.com/scholarship/tuition-fees-and-examination-fees-to-obc-students-maharashtra-2025-26
"TUITION FEES AND EXAMINATION FEES TO SBC STUDENTS, MAHARASHTRA 2025-26",Buddy4Study Partner,Buddy4Study,General,SBC students in Class 11 and above,100% tuition fees and examination fees reimbursement,31 March 2026,https://www.buddy4study.com/scholarship/tuition-fees-and-examination-fees-to-sbc-students-maharashtra-2025
"VOCATIONAL TRAINING FEE REIMBURSEMENT FOR OBC, SEBC, VJNT & SBC STUDENTS, MAHARASHTRA 2025-26",Buddy4Study Partner,Buddy4Study,General,"Students belonging to OBC, SEBC, VJNT, and SBC categories who are pursuing vocational training courses",80% course fees for SSC students,31 March 2026,https://www.buddy4study.com/scholarship/vocational-training-fee-reimbursement-for-obc-sebc-vjnt-sbc-students-maharashtra-2025
"RAJARSHRI CHHATRAPATI SHAHU MAHARAJ FEE REIMBURSEMENT SCHOLARSHIP SCHEME, MAHARASHTRA 2025-26",Buddy4Study Partner,Buddy4Study,General,EBC category students applying for specified UG medical degree courses,50% reimbursement of tuition and development fees,31 March 2026,https://www.buddy4study.com/scholarship/rajarshri-chhatrapati-shahu-maharaj-fee-reimbursement-scholarship-scheme-maharashtra-2025
"DR. PANJABRAO DESHMUKH HOSTEL MAINTENANCE ALLOWANCE SCHEME, MAHARASHTRA 2025-26",Buddy4Study Partner,Buddy4Study,General,Wards of alpabhudharak shetkari/registered labourers pursuing specified medical degree courses,"Hostel maintenance allowance up to ₹30,000 per annum",31 March 2026,https://www.buddy4study.com/scholarship/dr-panjabrao-deshmukh-hostel-maintenance-allowance-scheme-maharashtra-2025
"EDUCATION FEE REIMBURSEMENT SCHEME FOR OPEN CATEGORY STUDENTS, MAHARASHTRA 2025-26",Buddy4Study Partner,Buddy4Study,General,"Open category students pursuing MBBS, BDS and PG Medical (MD/MS) degree courses",Reimbursement of institute's FRA approved fees,31 March 2026,https://www.buddy4study.com/scholarship/education-fee-reimbursement-scheme-for-open-category-students-maharashtra-2025-26
"MAFSU RAJARSHI CHHATRAPATI SHAHU MAHARAJ SHIKSHAN SHULKH SHISHYAVRUTTI YOJNA (EBC) STUDENTS, MAHARASHTRA 2025-26",Buddy4Study Partner,Buddy4Study,General,EWC category students admitted to diploma/degree/postgraduate professional courses through Centralised Admission Process (CAP).,Reimbursement of up to 100% tuition and exam fees,31 March 2026,https://www.buddy4study.com/scholarship/mafsu-rajarshi-chhatrapati-shahu-maharaj-shikshan-shulkh-shishyavrutti-yojna-ebc-students-maharashtra-2025-26
"DOA RAJARSHI CHHATRAPATI SHAHU MAHARAJ SHIKSHAN SHULKH SHISHYAVRUTTI SCHEME, MAHARASHTRA 2025-26",Buddy4Study Partner,Buddy4Study,General,Students enrolled in professional courses,Reimbursement of up to 100% tuition and exam fees,31 March 2026,https://www.buddy4study.com/scholarship/doa-rajarshi-chhatrapati-shahu-maharaj-shikshan-shulkh-shishyavrutti-scheme-maharashtra-2025-26
"VOCATIONAL EDUCATION FEE REIMBURSEMENT, MAHARASHTRA 2025-26",Buddy4Study Partner,Buddy4Study,General,Students enrolled in vocational courses,Tuition and Examination Fees as per Approved College Fee Structure,31 March 2026,https://www.buddy4study.com/scholarship/vocational-education-fee-reimbursement-maharashtra-2025
"JAWAHARLAL NEHRU UNIVERSITY SCHOLARSHIP, MAHARASHTRA 2025-26",Buddy4Study Partner,Buddy4Study,General,Undergraduate or Postgraduate students studying at Jawaharlal Nehru University,"₹8,000 per month with an additional allowance of ₹10,000 per annum",31 March 2026,https://www.buddy4study.com/scholarship/jawaharlal-nehru-university-scholarship-maharashtra-2025
"ASSISTANCE TO MERITORIOUS STUDENTS SCHOLARSHIP - SENIOR LEVEL, MAHARASHTRA 2025-26",Buddy4Study Partner,Buddy4Study,General,Students studying in Class 11 and above,"Scholarship up to ₹72,000 per annum",31 March 2026,https://www.buddy4study.com/scholarship/assistance-to-meritorious-students-scholarship-senior-level-maharashtra-2025
"STATE MINORITY SCHOLARSHIP PART II (DHE), MAHARASHTRA 2025-26",Buddy4Study Partner,Buddy4Study,General,Graduate and postgraduate degree students,"Total annual course fee or ₹5,000 (whichever is lower)",31 March 2026,https://www.buddy4study.com/scholarship/state-minority-scholarship-part-ii-dhe-maharashtra-2025
"STATE MINORITY SCHOLARSHIP FOR PURSUING HIGHER PROFESSIONAL EDUCATION SCHOLARSHIP (PART I), MAHARASHTRA 2025-26",Buddy4Study Partner,Buddy4Study,General,Minority students pursuing professional or technical courses,"Up to ₹50,000 per annum or tuition and exam fees (whichever is less)",31 March 2026,https://www.buddy4study.com/scholarship/state-minority-scholarship-for-pursuing-higher-professional-education-scholarship-part-i-maharashtra-2025
"MAINTENANCE ALLOWANCE FOR STUDENTS STUDYING IN SAINIKI SCHOOL, MAHARASHTRA 2025-26",Buddy4Study Partner,Buddy4Study,General,SC students studying in Sainik school,"₹15,000 per annum",31 March 2026,https://www.buddy4study.com/scholarship/maintenance-allowance-for-students-studying-in-sainiki-school-maharashtra-2025
"GOVERNMENT OF INDIA PRE-MATRIC SCHOLARSHIP, MAHARASHTRA 2025-26",Buddy4Study Partner,Buddy4Study,General,Students studying in Class 9 and 10,"Up to ₹350 per month and Ad hoc Grant of ₹1,000",31 March 2026,https://www.buddy4study.com/scholarship/government-of-india-pre-matric-scholarship-maharashtra-2025
"MAHARSHI VITHHAL RAMAJI SHINDE SCHOLARSHIP, MAHARASHTRA 2025-26",Buddy4Study Partner,Buddy4Study,General,SC students in Classes 1 to 10,Up to ₹200 per month (for 10 months),31 March 2026,https://www.buddy4study.com/scholarship/maharshi-vithhal-ramaji-shinde-scholarship-maharashtra-2025
"PRE-MATRIC MERIT SCHOLARSHIP FOR STUDENTS IN CLASS 5 TO 10, MAHARASHTRA 2025-26",Buddy4Study Partner,Buddy4Study,General,SC students in Classes 5 to 10,Up to ₹100 per month (for 10 months),31 March 2026,https://www.buddy4study.com/scholarship/prematric-merit-scholarship-for-students-in-class-5-to-10-maharashtra-2025
"MAFSU DR. PUNJABRAO DESHMUKH VASATIGRUH NIRVAH BHATTA YOJNA, MAHARASHTRA 2025-26",Buddy4Study Partner,Buddy4Study,General,Children of registered labourers and marginal farmers,"Up to ₹32,000 for 10 months",31 March 2026,https://www.buddy4study.com/scholarship/mafsu-dr-punjabrao-deshmukh-vasatigruh-nirvah-bhatta-yojna-maharashtra-2025
"MCAER DR. PUNJABRAO DESHMUKH VASATIGRUH NIRVAH BHATTA YOJNA (AGR), MAHARASHTRA 2025-26",Buddy4Study Partner,Buddy4Study,General,Children of Registered Labourers and Marginal Farmers,"Up to ₹32,000 for 10 months",31 March 2026,https://www.buddy4study.com/scholarship/mcaer-dr-punjabrao-deshmukh-vasatigruh-nirvah-bhatta-yojna-agr-maharashtra-2025
"GOVERNMENT OF INDIA POST-MATRIC SCHOLARSHIP, MAHARASHTRA 2025-26",Buddy4Study Partner,Buddy4Study,General,Students in Class 11 and above,"A monthly maintenance allowance up to ₹1,200 and other benefits",31 March 2026,https://www.buddy4study.com/scholarship/government-of-india-postmatric-scholarship-maharashtra-2025
"POST-MATRIC TUITION FEE AND EXAMINATION FEE (FREESHIP), MAHARASHTRA 2025-26",Buddy4Study Partner,Buddy4Study,General,Students in Class 11 and above,"A reimbursement of tuition fees, exam fees and other admissible fees",31 March 2026,https://www.buddy4study.com/scholarship/postmatric-tuition-fee-and-examination-fee-freeship-maharashtra-2025
"VOCATIONAL EDUCATION MAINTENANCE ALLOWANCE TO ST STUDENTS, MAHARASHTRA 2025-26",Buddy4Study Partner,Buddy4Study,General,ST students enrolled in vocational courses,"Annual maintenance allowance of up to ₹10,000",31 March 2026,https://www.buddy4study.com/scholarship/vocational-education-maintenance-allowance-to-st-students-maharashtra-2025
WINGS — WOMEN INSPIRING GROWTH IN STEM SCHOLARSHIP PROGRAM,Buddy4Study Partner,Buddy4Study,General,For female undergraduate students enrolled at IIT Bombay,Covers tuition fees of the students (INR 2 lakh p.a),31 March 2026,https://www.buddy4study.com/page/wings-women-inspiring-growth-in-stem
