title,organization,location,duration,stipend,skills_final,posted_on,start_date,type,source,apply_link,scraped_at,content_hash,extra_data
Artificial Intelligence Intern (Vibe Coding),Leading Management Consultant,Remote,,,"['Artificial Intelligence', 'R']",Starts within 1 month,,Internship,naukri.com,https://www.naukri.com/job-listings-artificial-intelligence-intern-vibe-coding-freelancer-pune-0-to-1-years-280226015085,2026-03-04T17:30:14.443413,99e5802e329891b8d2bbffb4d931051543e29ba7e9a40e496ab13a2c323f2a22,
Artificial Intelligence Intern,Meena Bazaar,New Delhi(Sarojini Nagar),,,"['Artificial Intelligence', 'R']",Starts within 1 month,,Internship,naukri.com,https://www.naukri.com/job-listings-artificial-intelligence-intern-meena-bazaar-new-delhi-0-to-1-years-200226011927,2026-03-04T17:30:14.444090,bad29195522f18dd5582c7b207145480fd459bae263bc2dd2d90d33201c98359,
Artificial Intelligence (AI) Intern 1 Position,Unikwork,Surat,,,"['Artificial Intelligence', 'R']",Starts in 1-3 months,,Internship,naukri.com,https://www.naukri.com/job-listings-artificial-intelligence-ai-intern-1-position-unikwork-systems-surat-0-to-1-years-260625503684,2026-03-04T17:30:14.444449,6e5435c35012c87b6e8a0b2c67d72ba5bfc26fe8efa020d99bcfb29e912f136e,
Artificial Intelligence (Gen AI) Intern,Cloud Counselage,Mumbai,,,"['Artificial Intelligence', 'Cloud Computing', 'Generative AI', 'R']",Starts in 1-3 months,,Internship,naukri.com,https://www.naukri.com/job-listings-artificial-intelligence-gen-ai-intern-cloud-counselage-pvt-ltd-mumbai-0-to-3-years-301225508088,2026-03-04T17:30:14.444854,f34badc560227f1ca6b84d5d1b1ff98b07b7deae6195fa9ceafa12387df8d20d,
Artificial Intelligence Intern,Pay10India,New Delhi(Lajpat Nagar IV),,,"['Artificial Intelligence', 'R']",Starts within 1 month,,Internship,naukri.com,https://www.naukri.com/job-listings-artificial-intelligence-intern-pay10india-new-delhi-0-to-1-years-120226032034,2026-03-04T17:30:14.445232,e5b98a32d6e017941e9b4881ff0ba7c2ce02c9949e7c51813e7350378d2b8b27,
ARTIFICIAL INTELLIGENCE Professional,Godigi Infotech,Mumbai,,,"['Artificial Intelligence', 'R']",Starts in 1-3 months,,Internship,naukri.com,https://www.naukri.com/job-listings-artificial-intelligence-professional-godigi-infotech-mumbai-0-to-1-years-151225501381,2026-03-04T17:30:14.445606,3db6c1ea149a75f5360373f37b98ae39b6e264010341e1d31004fbf13d464b96,
Associate Machine Learning Engineer Internship,Pragyashal,Bengaluru,,,"['Machine Learning', 'R']",Starts in 1-3 months,,Internship,naukri.com,https://www.naukri.com/job-listings-associate-machine-learning-engineer-internship-pragyashal-bengaluru-0-to-1-years-010925502315,2026-03-04T17:30:14.446047,2e8aeda10ab47e4a0addc966254192cbe98690f7fce995fa0d97ce824e669286,
Data Science Intern,Analytics Vidhya,Gurugram,,,"['Analytics', 'Data Science', 'R']",Starts in 1-3 months,,Internship,naukri.com,https://www.naukri.com/job-listings-data-science-intern-analytics-vidhya-educon-pvt-ltd-gurugram-0-to-1-years-071025503535,2026-03-04T17:30:14.446414,57018a363a05c441422ed9fa88e95f4822381f90a83d8a9309821018ca6ad4f1,
Deep Learning / Machine Learning / Data Scientist Intern,Pivotchain Solutions,Pune,,,"['Artificial Intelligence', 'Data Science', 'Deep Learning', 'Machine Learning', 'R']",Starts in 1-3 months,,Internship,naukri.com,https://www.naukri.com/job-listings-deep-learning-machine-learning-data-scientist-intern-pivotchain-pune-0-to-2-years-111224502998,2026-03-04T17:30:14.446807,3d6d01a4f989ca56da45e2ae23e2d0cfd6e7a0c3feee6742e4f8da3f7755f73b,
Intern - Data Engineer & AI/ML,Inorg,Pune,,,"['Artificial Intelligence', 'Data Engineering', 'Machine Learning', 'R']",Starts in 1-3 months,,Internship,naukri.com,https://www.naukri.com/job-listings-intern-data-engineer-ai-ml-inorg-global-pune-0-to-1-years-230525502703,2026-03-04T17:30:14.447512,7d96186435281141146fad7f5f343c5416f590c89feeb617b9a5aa7106c8192f,
Artificial Intelligence (CoPilot AI) Intern,Cloud Counselage,Mumbai,,,"['Artificial Intelligence', 'Cloud Computing', 'R']",Starts in 1-3 months,,Internship,naukri.com,https://www.naukri.com/job-listings-artificial-intelligence-copilot-ai-intern-cloud-counselage-pvt-ltd-mumbai-0-to-3-years-301225507914,2026-03-04T17:30:14.448156,dbb21ca4d2327d66246489b572f9a187e4cdf153fb748d10a05da4b5824620c7,
Generative & Agentic AI Engineering Internship,Novizco Infotech,Hybrid - Bengaluru,,,"['AI Engineering', 'Agentic AI', 'Artificial Intelligence', 'R']",Starts within 1 month,,Internship,naukri.com,https://www.naukri.com/job-listings-generative-agentic-ai-engineering-internship-novizco-infotech-bengaluru-0-to-1-years-040226017419,2026-03-04T17:30:14.448710,dbb3fe4f48c0a7f9bf77de1f68a83ca48cc95a73a1b47fe2b2ed9575c5616672,
Data & AI Intern,Artify Talent Studio,"Kolkata, Mumbai, New Delhi, Hyderabad, Pune, Chennai, Bengaluru",,,"['Artificial Intelligence', 'R']",Starts in 1-3 months,,Internship,naukri.com,https://www.naukri.com/job-listings-data-ai-intern-artify-talent-studio-kolkata-mumbai-new-delhi-hyderabad-pune-chennai-bengaluru-0-to-2-years-280525501797,2026-03-04T17:30:14.449104,a56acf52131ee16d4b259eabbdcb582c1ae6b8acba218ca123ae1a43e6ea6efa,
Data Analytics and AI Intern,Artify Talent Studio,"Kolkata, Mumbai, New Delhi, Hyderabad, Pune, Chennai, Bengaluru",,,"['Analytics', 'Artificial Intelligence', 'Data Analytics', 'R']",Starts in 1-3 months,,Internship,naukri.com,https://www.naukri.com/job-listings-data-analytics-and-ai-intern-artify-talent-studio-kolkata-mumbai-new-delhi-hyderabad-pune-chennai-bengaluru-0-to-3-years-280525501502,2026-03-04T17:30:14.449681,b2964046aff5b6717eba36a08531513e982b2e72a4c96af96002ebbd9182a7ad,
AI & Data Intern,Prudent Globaltech Solutions,Hyderabad,,,"['Artificial Intelligence', 'R']",Starts in 1-3 months,,Internship,naukri.com,https://www.naukri.com/job-listings-ai-data-intern-prudent-globaltech-solutions-private-limited-hyderabad-0-to-1-years-250226502512,2026-03-04T17:30:14.450077,a455939ffcf23804be0f1f9cc9b425cfecf850b13d4490ddefb432a90fd1f4b0,
AI Intern,Dure Technologies,Thane,,,"['Artificial Intelligence', 'R']",Starts within 1 month,,Internship,naukri.com,https://www.naukri.com/job-listings-ai-intern-dure-technologies-thane-0-to-1-years-220825014018,2026-03-04T17:30:14.450472,8997170460352d093d0186e4ea0b71166a471a84d8a49390e571b21b65151e6d,
AI/ML Intern,Zinnov Management Consulting,Bengaluru,,,"['Artificial Intelligence', 'Machine Learning', 'R']",Starts within 1 month,,Internship,naukri.com,https://www.naukri.com/job-listings-ai-ml-intern-zinnov-management-consulting-bengaluru-0-to-1-years-110226035387,2026-03-04T17:30:14.451031,e40b4cb124bd0e3e6a708eb13c576d3471f2c821e58145c5f19587c3888b8427,
Data Analyst Intern,Globaldata,Bengaluru,,,"['Data Analysis', 'R']",Starts within 1 month,,Internship,naukri.com,https://www.naukri.com/job-listings-data-analyst-intern-globaldata-bengaluru-0-to-1-years-020326004636,2026-03-04T17:30:14.451780,d025499d021ecfa2e2f620e7a96f6f624fe06a4fd1001fc3a08421c3c6b68d59,
Ai & Data science Intern,Refonte Infini,Remote,,,"['Artificial Intelligence', 'Data Science', 'R']",Starts in 1-3 months,,Internship,naukri.com,https://www.naukri.com/job-listings-ai-data-science-intern-refonte-infini-remote-0-to-1-years-070325503178,2026-03-04T17:30:14.453245,ee9de44bbc3cce58ac5264d768b01d10b346a12066dd2c2e0d02985b8c05f8ee,
Intern - Data Analytics (AI & ML),360DigiTMG,Pune,,,"['Analytics', 'Artificial Intelligence', 'Data Analytics', 'Machine Learning', 'R']",Starts in 1-3 months,,Internship,naukri.com,https://www.naukri.com/job-listings-intern-data-analytics-ai-ml-360digitmg-pune-0-to-4-years-180825503967,2026-03-04T17:30:14.454483,ff894ccd648a0471cb0318f8e6e271b05587610b87a1c37ee39300fd9af1edba,
AI Intern,Infilect,Bengaluru,,,"['Artificial Intelligence', 'R']",Starts in 1-3 months,,Internship,naukri.com,https://www.naukri.com/job-listings-ai-intern-infilect-bengaluru-0-to-2-years-150424502369,2026-03-04T17:30:35.155116,67cbe3bff1f3afcc23280bb742b6f677fe6786397911ce478fd4a8345c318eac,
Web Engineer Intern,Fampay,Bengaluru,,,"['R', 'Web Development']",Starts in 1-3 months,,Internship,naukri.com,https://www.naukri.com/job-listings-web-engineer-intern-fampay-bengaluru-0-to-3-years-150126503890,2026-03-04T17:30:35.155903,cb9e8be39362d804e3ffa28dad4dd2079f6047c1829cb107c3b933cbb901e5c2,
Analytics/AI Engineer Intern,Discover Dollar Technologies,Bengaluru,,,"['AI Engineering', 'Analytics', 'Artificial Intelligence', 'R']",Starts in 1-3 months,,Internship,naukri.com,https://www.naukri.com/job-listings-analytics-ai-engineer-intern-discover-dollar-technologies-pvt-ltd-bengaluru-0-to-1-years-020725504926,2026-03-04T17:30:35.156556,c7f83af13cbde3ceeb990bdfeff30357d57322140faf45d492bf7e19c8de3a03,
AI Engineer Intern,Discover Dollar Technologies,Bengaluru,,,"['AI Engineering', 'Artificial Intelligence', 'R']",Starts in 1-3 months,,Internship,naukri.com,https://www.naukri.com/job-listings-ai-engineer-intern-discover-dollar-technologies-pvt-ltd-bengaluru-0-to-1-years-280625500216,2026-03-04T17:30:35.157096,6e63d6ebe08ed53ccbbcb18ffdc00615daf6331b1f4cd4251a8913814bb5a7b1,
AI/ML Paid Internship (6 Months)- Gurgaon,OakNorth,Gurugram,,,"['Artificial Intelligence', 'Machine Learning', 'R']",Starts within 1 month,,Internship,naukri.com,https://www.naukri.com/job-listings-ai-ml-paid-internship-6-months-gurgaon-oaknorth-gurugram-0-to-1-years-210225016021,2026-03-04T17:30:35.157472,4b13bd5446655948809ab210476d3fd70ff82a6b2d150ba34bfd234762d1f082,
Job Oriented IT Internship - Freshers,Irohub Infotech,Hybrid - Ernakulam(Palarivattom +2),,,['R'],Starts within 1 month,,Internship,naukri.com,https://www.naukri.com/job-listings-oriented-it-internship-freshers-irohub-infotech-ernakulam-0-to-1-years-071124008562,2026-03-04T17:30:35.157890,bdece82e2a555bad80c557f1af035c463fe7955f453e4670cd063e16bb2c1c59,
AI Research & Development Intern,Hir Infotech,Ahmedabad,,,"['Artificial Intelligence', 'R', 'Research']",Starts in 1-3 months,,Internship,naukri.com,https://www.naukri.com/job-listings-ai-research-development-intern-hir-infotech-pvt-ltd-ahmedabad-0-to-1-years-300925505153,2026-03-04T17:30:35.158270,ae6a45dba9f7428214104cc2f1e65bf0eb88b56b08861b30f4dcd5fafb3a3e47,
Urgently Internship- HR/Digital Marketing/Market Research/Sales/AI/BA,Svadharma Social Innovations,Remote,,,"['Artificial Intelligence', 'R', 'Research']",Starts within 1 month,,Internship,naukri.com,https://www.naukri.com/job-listings-urgently-internship-hr-digital-marketing-market-research-sales-ai-ba-svadharma-social-innovations-bengaluru-0-to-1-years-090226023982,2026-03-04T17:30:35.158604,2e2d3ef07e47b1835a59679d1d5a24fd0710c36925e9c88a316ad9b1997a94e9,
AI Intern - Rotor Performance,Vayona Energy,Bengaluru,,,"['Artificial Intelligence', 'R']",Starts in 1-3 months,,Internship,naukri.com,https://www.naukri.com/job-listings-ai-intern-rotor-performance-siemens-gamesa-bengaluru-0-to-1-years-110226502708,2026-03-04T17:30:35.158978,e800b1e4d880d3ddde094fccdc14dfc4d2d6e7fa10e34954e7c48cdee45261cc,
Internship - Seeking Data Scientist Intern,Dendrite,Pune,,,"['Data Science', 'R']",Starts in 1-3 months,,Internship,naukri.com,https://www.naukri.com/job-listings-internship-seeking-data-scientist-intern-dendrite-ai-pune-0-to-1-years-230925505084,2026-03-04T17:30:35.159303,9605e9aef4a665a8db0abcb4a12df591078b4641961aee558c4f1b33b5938514,
Software Engineer Intern,The Geeky Nerds,Gandhinagar,,,['R'],Starts in 1-3 months,,Internship,naukri.com,https://www.naukri.com/job-listings-software-engineer-intern-the-geeky-nerds-gandhinagar-0-to-1-years-170226502155,2026-03-04T17:30:35.159628,a181c14e92fccfcfdbb11e64e67f603d11a80cbdae9177a56fc51465844f67bf,
AI/ML Intern,Immverse,Nagpur,,,"['Artificial Intelligence', 'Machine Learning', 'R']",Starts in 1-3 months,,Internship,naukri.com,https://www.naukri.com/job-listings-ai-ml-intern-immverseai-nagpur-0-to-1-years-230126501880,2026-03-04T17:30:35.160010,208e51632101fd1cb33eac25fdf49c7df6ae4e3014bc963ae8d249c7206fcc71,
AI Ad Creation Intern,Techxr Innovations,Bhopal,,,"['Artificial Intelligence', 'R']",Starts in 1-3 months,,Internship,naukri.com,https://www.naukri.com/job-listings-ai-ad-creation-intern-techxr-bhopal-0-to-1-years-121225500095,2026-03-04T17:30:35.160377,2757d54030480be465b74f32041bcecf06ee57772fc3b65e508d8d48bcc85946,
AI Intern,Foodme Global,Pune,,,"['Artificial Intelligence', 'R']",Starts in 1-3 months,,Internship,naukri.com,https://www.naukri.com/job-listings-ai-intern-foodme-global-dine-palace-pune-0-to-1-years-110226503459,2026-03-04T17:30:35.160706,eb27b2b980d5e9341a3fb9ce8590aa767bc6cbaa4d7537e9b5f4187bfeff8fc0,
AI/ML Intern,ANTI-Ai PRIVATE LIMITED,Remote,,,"['Artificial Intelligence', 'Machine Learning', 'R']",Starts in 1-3 months,,Internship,naukri.com,https://www.naukri.com/job-listings-ai-ml-intern-anti-ai-private-limited-remote-0-to-2-years-040226502767,2026-03-04T17:30:35.161095,e530f714576643f73621e686c3b3be8d5cf006feb5ee0e6a936ffc3fa8e426a6,
Python AI/ML Intern,Quark Studios,Ahmedabad,,,"['Artificial Intelligence', 'Machine Learning', 'Python', 'R']",Starts in 1-3 months,,Internship,naukri.com,https://www.naukri.com/job-listings-python-ai-ml-intern-solvative-ahmedabad-0-to-1-years-181225504901,2026-03-04T17:30:35.161477,1cdb60aa528857e55380cced6a9079513734b37ee646e6cf78cd8ad5db8bfa5b,
Intern - Generative AI,Analytics Vidhya,Gurugram,,,"['Analytics', 'Artificial Intelligence', 'Generative AI', 'R']",Starts in 1-3 months,,Internship,naukri.com,https://www.naukri.com/job-listings-intern-generative-ai-analytics-vidhya-educon-pvt-ltd-gurugram-0-to-1-years-071025503545,2026-03-04T17:30:35.161873,86cc60613e7e26da93599f27cbcb3a4324005497607a3237112c11ef1a09d875,
Ai & Graphic Intern,Genesis Media,Mumbai,,,"['Artificial Intelligence', 'R']",Starts in 1-3 months,,Internship,naukri.com,https://www.naukri.com/job-listings-ai-graphic-intern-the-genesis-media-mumbai-0-to-1-years-031125503662,2026-03-04T17:30:35.162215,b8a400f4060d335d997d2bd2651c225b8878a653f7604e0abd6a0dd9d8869596,
AI ML - Intern,Manektech,Ahmedabad,,,"['Artificial Intelligence', 'Machine Learning', 'R']",Starts in 1-3 months,,Internship,naukri.com,https://www.naukri.com/job-listings-ai-ml-intern-manektech-ahmedabad-0-to-1-years-311225500320,2026-03-04T17:30:35.162603,cc8b88473a6b7c78635fc79ca17c0ef380b05eeb84d7f6bf37dd5f3e0d392b9f,
AI Intern,Fireblaze Ai School,Nagpur,,,"['Artificial Intelligence', 'R']",Starts in 1-3 months,,Internship,naukri.com,https://www.naukri.com/job-listings-ai-intern-fireblaze-ai-school-nagpur-0-to-2-years-130625503033,2026-03-04T17:30:35.163015,173687a74a3995a3c7d2789284ee83cc0370a5a5d1dea28196a410fe1de2b4b8,
Internship AI ML Intern,Data Foundry,Remote,,,"['Artificial Intelligence', 'Machine Learning', 'R']",Starts in 1-3 months,,Internship,naukri.com,https://www.naukri.com/job-listings-internship-ai-ml-intern-datafoundry-remote-0-to-1-years-030226503165,2026-03-04T17:30:50.375429,2202d735f76e226953b162ec925a1866c463d9085721448720fe1b9ac05af594,
Finance Intern,oaknorth.ai,Gurugram,,,"['Artificial Intelligence', 'R']",Starts in 1-3 months,,Internship,naukri.com,https://www.naukri.com/job-listings-finance-intern-oaknorth-ai-gurugram-0-to-2-years-160226508436,2026-03-04T17:30:50.376243,7b4c4a30a03e0e03c60c7ae4ca016cffeafc79a2ad003bc3aebe8b538045e463,
DATA ANALYST,Godigi Infotech,Pune,,,['Data Analysis'],Starts in 1-3 months,,Internship,naukri.com,https://www.naukri.com/job-listings-data-analyst-godigi-infotech-pune-0-to-1-years-130126506831,2026-03-04T17:30:50.376946,a788239c8c9451593629f287e4dcf07fdd4ab293523ced7184cff8cf1460c376,
Data Annotation Team Lead Internship,Biz Tech Consultants,Delhi / NCR,,,['R'],Starts in 3-6 months,,Internship,naukri.com,https://www.naukri.com/job-listings-data-annotation-team-lead-internship-biz-tech-consultants-delhi-ncr-0-to-1-years-230126026627,2026-03-04T17:30:50.377624,9cca9d80f96bff421c93b4285ab763f230c6b01482e2287495f93639d87e22d5,
DATA ENGINEERING INTERN,Krayo,"Kolkata, Mumbai, New Delhi, Hyderabad, Pune, Chennai, Bengaluru",,,"['Artificial Intelligence', 'Data Engineering', 'R']",Starts in 1-3 months,,Internship,naukri.com,https://www.naukri.com/job-listings-data-engineering-intern-krayo-kolkata-mumbai-new-delhi-hyderabad-pune-chennai-bengaluru-0-to-3-years-140923501676,2026-03-04T17:30:50.378366,c5ada304e55551a343b49f2ea27a53880c5b249f0bb1e3b0470f1cb064ebe2c8,
Data Science & Analytics Intern,Hir Infotech,Ahmedabad,,,"['Analytics', 'Data Science', 'R']",Starts in 1-3 months,,Internship,naukri.com,https://www.naukri.com/job-listings-data-science-analytics-intern-hir-infotech-pvt-ltd-ahmedabad-0-to-1-years-300925505143,2026-03-04T17:30:50.378942,df186b2e2d381d73cdd9692a43efd16196046243c2f4ad570425fbf18f13584d,
Prompt Engineer Intern,Tensorgo Technologies,Hyderabad,,,['R'],Starts in 1-3 months,,Internship,naukri.com,https://www.naukri.com/job-listings-prompt-engineer-intern-tensorgo-technologies-private-limited-hyderabad-0-to-3-years-010925504138,2026-03-04T17:30:50.379532,1df5e2bb67e9388d2dcbe50bb77b3fa0540b99f4791a923b48df0a0afcaa88d5,
Brainwonders AI Research Engineer Intern,Brainwonders,Mumbai,,,"['Artificial Intelligence', 'R', 'Research']",Starts in 1-3 months,,Internship,naukri.com,https://www.naukri.com/job-listings-brainwonders-ai-research-engineer-intern-brainwonders-mumbai-0-to-3-years-270825503499,2026-03-04T17:30:50.380092,7f173780d9eb97b8be3bd2c64d39719acd66b32e0deb919ff5ca081eb71549b5,
Computer Vision Engineer – Intern,Rapidai Vision,Remote,,,"['APIs', 'Artificial Intelligence', 'Computer Vision', 'R']",Starts in 1-3 months,,Internship,naukri.com,https://www.naukri.com/job-listings-computer-vision-engineer-intern-rapidai-vision-remote-0-to-1-years-270224500727,2026-03-04T17:30:50.380639,64b5b695f4cac01eb3db866a75e614b8e1b33700378e32853d29c1a1c9b891a6,
DATA ANALYTICS,Godigi Infotech,Mumbai,,,"['Analytics', 'Artificial Intelligence', 'Data Analytics']",Starts in 1-3 months,,Internship,naukri.com,https://www.naukri.com/job-listings-data-analytics-godigi-infotech-mumbai-0-to-1-years-261225502345,2026-03-04T17:30:50.381191,84034718a816f0fc5b2199dad80959d776ef22e94180bfc66b2680f1c8b89653,
Computer Vision Engineer Intern,Vecros,New Delhi,,,"['Computer Vision', 'R']",Starts in 1-3 months,,Internship,naukri.com,https://www.naukri.com/job-listings-computer-vision-engineer-intern-vecros-new-delhi-0-to-1-years-230823500410,2026-03-04T17:30:50.381739,ff65576dda310e566d080e5191b77d28bba2b1e9c8b92e3984ada35439c79645,
AI Python Engineer Intern,Scrini Ai,Noida,,,"['Artificial Intelligence', 'Python', 'R']",Starts in 1-3 months,,Internship,naukri.com,https://www.naukri.com/job-listings-ai-python-engineer-intern-scrini-ai-noida-0-to-2-years-070126503545,2026-03-04T17:30:50.382226,5a0dc2a97ba290677215b73e7e28c9bc80d120b3fd9333369a775581fd325385,
AI Engineer Intern,Servoedge Technologies,Noida,,,"['AI Engineering', 'Artificial Intelligence', 'R']",Starts in 1-3 months,,Internship,naukri.com,https://www.naukri.com/job-listings-ai-engineer-intern-servoedge-technologies-noida-0-to-5-years-010925504141,2026-03-04T17:30:50.382772,3cd14cb35fec140aa14ba7bb0feaf90395a6a61200269d6d4d7e74f62d4bde89,
Intern - AI Engineer Vibe Coder,Prodigy Systems & Services,Hyderabad,,,"['AI Engineering', 'Artificial Intelligence', 'R']",Starts in 1-3 months,,Internship,naukri.com,https://www.naukri.com/job-listings-intern-ai-engineer-vibe-coder-prodigy-systems-and-services-private-limited-hyderabad-0-to-2-years-261225502590,2026-03-04T17:30:50.383323,5b7c8ac8b5c563edac1465095f3c087a6f99ac7c34b54079631bc8b9954061a2,
Junior AI Engineer,Mako It Lab,Chennai,,,"['AI Engineering', 'Artificial Intelligence', 'R']",Starts in 1-3 months,,Internship,naukri.com,https://www.naukri.com/job-listings-junior-ai-engineer-mako-it-lab-chennai-0-to-1-years-251125504916,2026-03-04T17:30:50.383877,bee6b7a5f649a768118d6dcabb59c69774b580b5634b256802f7ecb885896437,
AI/ML Engineer Intern,Vowels Of The People Association,Pune,,,"['Artificial Intelligence', 'Machine Learning', 'Machine Learning Engineering', 'R']",Starts in 1-3 months,,Internship,naukri.com,https://www.naukri.com/job-listings-ai-ml-engineer-intern-vopa-pune-0-to-1-years-141125500865,2026-03-04T17:30:50.384436,62f03967ff17e8395c421796e6aedf3b1e0e877a73155a8cc767caeea75492bb,
AI Engineer Intern,Brainwonders,Mumbai,,,"['AI Engineering', 'Artificial Intelligence', 'R']",Starts in 1-3 months,,Internship,naukri.com,https://www.naukri.com/job-listings-ai-engineer-intern-brainwonders-mumbai-0-to-1-years-090625505270,2026-03-04T17:30:50.384981,f6539776bf09eaf90453df4a0ddd09e2a241da9fbaaab407f3d9ac9a1bf8c501,
AI Engineers Trainee,Intechnative Systems & Services,Noida,,,"['AI Engineering', 'Artificial Intelligence', 'R']",Starts in 1-3 months,,Internship,naukri.com,https://www.naukri.com/job-listings-ai-engineers-trainee-intechnative-noida-0-to-1-years-071124503425,2026-03-04T17:30:50.385543,f10ed54953cfb3d541f20da573c467658a1730c9222b8596cede91bfcbd76edc,
Data Analyst Intern,Innovexis,Bengaluru,,,"['Data Analysis', 'R']",Starts in 1-3 months,,Internship,naukri.com,https://www.naukri.com/job-listings-data-analyst-intern-innovexis-bengaluru-0-to-1-years-030326500498,2026-03-04T17:30:50.386034,bf445a4d8b0d451c8caacf6b787a12d25325dd1743b8f6eb4a86a4d6dc232688,
AI Solutions Analyst,Zamp,"Gurugram, Bengaluru",,,"['Artificial Intelligence', 'R']",Starts in 1-3 months,,Internship,naukri.com,https://www.naukri.com/job-listings-ai-solutions-analyst-zamp-gurugram-bengaluru-0-to-2-years-271125501936,2026-03-04T17:30:50.386637,9596388de52f2e2beb687dd9953fd8e8a33aae8f6a81e4c23188cdcbfd380927,
Conversational AI Analyst,Eloelo,Bengaluru,,,"['Artificial Intelligence', 'R']",Starts in 1-3 months,,Internship,naukri.com,https://www.naukri.com/job-listings-conversational-ai-analyst-eloelo-bengaluru-0-to-1-years-181125502266,2026-03-04T17:31:04.304405,8af05a42cf7c4d9365e2872fd62835ed6fd426c4d841e3b1cdc676f52dc833f4,
Online Revenue Intern,Concept Hospitality,Mumbai (All Areas)(J B Nagar),,,"['Artificial Intelligence', 'R']",Starts within 1 month,,Internship,naukri.com,https://www.naukri.com/job-listings-online-revenue-intern-concept-hospitality-mumbai-all-areas-0-to-1-years-170226037080,2026-03-04T17:31:04.304779,916471b96920ea2f8ff8b459ce6ee76fe0264d4bac3a8da2d6e2bf106b75c47e,
Internship Opportunity: AI Engineer (Python),Choice International,Mumbai (All Areas),,,"['AI Engineering', 'Artificial Intelligence', 'Python', 'R']",Starts within 1 month,,Internship,naukri.com,https://www.naukri.com/job-listings-internship-opportunity-ai-engineer-python-choice-international-mumbai-all-areas-0-to-1-years-140226016049,2026-03-04T17:31:04.305224,a4d251fda5a562e93263658966323733beb05f5bb7ea9386c6ee145532e4354e,
Medical Intern Health & Technology Internship,Eka Care,Bengaluru,,,['R'],Starts in 1-3 months,,Internship,naukri.com,https://www.naukri.com/job-listings-medical-intern-health-technology-internship-eka-care-bengaluru-0-to-1-years-120226504801,2026-03-04T17:31:04.305669,9f0ad03a6d3af6d45dcc306aff3d6313d0406653277acfefc05f023ba9baaa4f,
SDE Intern,Carnation Infotech,Lucknow,,,['R'],Starts in 1-3 months,,Internship,naukri.com,https://www.naukri.com/job-listings-sde-intern-carnation-infotech-lucknow-0-to-1-years-020326501425,2026-03-04T17:31:04.306087,90de21e9e163b72e3f0db07960063cd495aa933c35106285f42f3d7bb8e43e57,
AI Agent Development Intern,SRK It Solutions,Chennai,,,"['Artificial Intelligence', 'R']",Starts in 1-3 months,,Internship,naukri.com,https://www.naukri.com/job-listings-ai-agent-development-intern-srk-it-solutions-private-limited-chennai-0-to-1-years-030326500127,2026-03-04T17:31:04.306412,8994ea2f03caa7dd1070d2730b03329c4afb851b91382163d58844d353355490,
Graphic Design Intern,Jobs Territory,Remote,,,['R'],Starts within 1 month,,Internship,naukri.com,https://www.naukri.com/job-listings-graphic-design-intern-jobs-territory-bengaluru-0-to-1-years-230226017377,2026-03-04T17:31:04.307485,83540e44334ea8bf5c08272529ea8b3aae2d1088a9ea09e510cce92827115b6c,
ML / AI internship,Appobile Labs,"Dombivli, Bengaluru",,,"['Artificial Intelligence', 'Machine Learning', 'R']",Starts in 1-3 months,,Internship,naukri.com,https://www.naukri.com/job-listings-ml-ai-internship-appobile-labs-dombivli-bengaluru-0-to-1-years-190922500524,2026-03-04T17:31:04.308248,b24fd106509ef77a578e95f59080d5cbd696f43f8ef732abcb61af97b991c077,
AI Product Strategy & Development Professional,Logisoft It Services,Hyderabad,,,"['Artificial Intelligence', 'R']",Starts in 1-3 months,,Internship,naukri.com,https://www.naukri.com/job-listings-ai-product-strategy-development-professional-logisoft-it-services-private-limited-hyderabad-0-to-3-years-020326501845,2026-03-04T17:31:04.308958,3603b822c8e9d4a0aa14c7f46afe6a86210ce4a4cc1027c67938b0c950d7bbd6,
AI Developer Intern,360DigiTMG,Bengaluru,,,"['Artificial Intelligence', 'R']",Starts in 1-3 months,,Internship,naukri.com,https://www.naukri.com/job-listings-ai-developer-intern-360digitmg-bengaluru-0-to-1-years-180825504092,2026-03-04T17:31:04.309514,33de08a5cb36793c8b8fd1dfb1806267b13a6582056f905b24aef9d4ba73dafd,
Special Projects - AI Agent Intern,Squarepeg,Bengaluru,,,"['Artificial Intelligence', 'R']",Starts in 1-3 months,,Internship,naukri.com,https://www.naukri.com/job-listings-special-projects-ai-agent-intern-squarepeg-hires-bengaluru-0-to-1-years-130625503029,2026-03-04T17:31:04.309903,56c1d595fb0f25336274e2bd24824a34320c7d34e5f5f9decd3d47efea74200f,
Intern - AI,Valeo,Chennai,,,"['Artificial Intelligence', 'R']",Starts in 1-3 months,,Internship,naukri.com,https://www.naukri.com/job-listings-intern-ai-valeo-india-pvt-ltd-chennai-0-to-1-years-070825502040,2026-03-04T17:31:04.310321,7486046b1a9d1f5ed26980449178babb735fa4cd554b7b8098d43065d19654b6,
AI/ML Intern,IAI Solution,Bengaluru,,,"['Artificial Intelligence', 'Machine Learning', 'R']",Starts in 1-3 months,,Internship,naukri.com,https://www.naukri.com/job-listings-ai-ml-intern-iaisolution-bengaluru-0-to-1-years-031225502795,2026-03-04T17:31:04.310706,00e3adbae1139d5d7f823a4972214bf593cdb33952a59d409721a94dde5a145f,
"Weekend Only Paid Internship : Business, Tech & Content",Zircog Technologies,Hybrid - Noida,,,"['Artificial Intelligence', 'R']",Starts within 1 month,,Internship,naukri.com,https://www.naukri.com/job-listings-weekend-only-paid-internship-business-tech-content-zircog-technologies-noida-0-to-1-years-040326000241,2026-03-04T17:31:04.311093,05eff671a6271268d8a9c158f2c14f24c9494a45d2ee1bb0cf0e69f77f23bf1d,
Open Knowledge Internship Program,A Leading Research University Project,Remote,,,"['R', 'Research']",Starts in 1-3 months,,Internship,naukri.com,https://www.naukri.com/job-listings-open-knowledge-internship-program-starpowerz-human-resources-hyderabad-0-to-1-years-030326023794,2026-03-04T17:31:04.311434,729f43118dfc63753ce06abee7a7427fd9e5b173b0c19b49a68bc96c25017c83,
Data Analyst Intern,Allen Digital,Bengaluru,,,"['Data Analysis', 'R']",Starts in 1-3 months,,Internship,naukri.com,https://www.naukri.com/job-listings-data-analyst-intern-allen-digital-pvt-ltd-bengaluru-0-to-1-years-210226500406,2026-03-04T17:31:04.311852,7b24d1b0cc04ab36db4226a8ec6f2b6e0299c71b59fb6e85dd5398dcde135d36,
MarTech & AI GTM Trainee,Amura Marketing Technologies,Pune,,,"['Artificial Intelligence', 'R']",Starts in 1-3 months,,Internship,naukri.com,https://www.naukri.com/job-listings-martech-ai-gtm-trainee-amura-marketing-technologies-pvt-ltd-pune-0-to-1-years-250226502224,2026-03-04T17:31:04.312220,82b5f7a60f3c07649b99359ec13483022486163128c50ca8aba948224b03eb74,
AI/ML Intern,PHN Technology,Pune,,,"['Artificial Intelligence', 'Machine Learning', 'R']",Starts within 1 month,,Internship,naukri.com,https://www.naukri.com/job-listings-ai-ml-intern-phn-technology-pune-0-to-1-years-040326009444,2026-03-04T17:31:04.312590,abb7d185e2a88183447c48b1370006a1b319b790c46c242ecc747e11e1663d3d,
Social Media Marketing Intern,Divine Infracon,New Delhi(Bhikaji Cama Place +1),,,['R'],Starts within 1 month,,Internship,naukri.com,https://www.naukri.com/job-listings-social-media-marketing-intern-divine-infracon-new-delhi-0-to-1-years-030326018311,2026-03-04T17:31:04.312975,ffb815d9d53aa606a9f227d312aeaae743cd4b95752794c63af4e863e452ce0e,
Data science and Engineering Intern,Huebits Tech Visakhapatnam,Visakhapatnam,,,"['Data Science', 'R']",Starts in 1-3 months,,Internship,naukri.com,https://www.naukri.com/job-listings-data-science-and-engineering-intern-huebits-visakhapatnam-0-to-2-years-010725501087,2026-03-04T17:31:21.279291,28bc358557c9a9dd884895ccb93ec600e300d2691023eedd703eef615392679a,
Data Engineer Intern,Cloud Counselage,Mumbai,,,"['Artificial Intelligence', 'Cloud Computing', 'Data Engineering', 'R']",Starts in 1-3 months,,Internship,naukri.com,https://www.naukri.com/job-listings-data-engineer-intern-cloud-counselage-pvt-ltd-mumbai-0-to-0-years-301225508090,2026-03-04T17:31:21.279721,b3a68ba5087404a34dcca011209df87c0c85b94ebfe50e285017550e49b14fee,
Data Research Mining (Marketing intern),Innovative Techno Institute,Jalandhar,,,"['R', 'Research']",Starts in 1-3 months,,Internship,naukri.com,https://www.naukri.com/job-listings-data-research-mining-marketing-intern-innovative-techno-institute-jalandhar-0-to-1-years-210226501727,2026-03-04T17:31:21.280082,c37496845c834c374fdf49e108025550494ce5ecd13438264d068c215fa14a42,
Founders Office,Easemytrip,Gurugram,,,['R'],Starts within 1 month,,Internship,naukri.com,https://www.naukri.com/job-listings-founders-office-easemytrip-gurugram-0-to-1-years-270226002191,2026-03-04T17:31:21.280440,7db401dbaab269e36191d2d50ac502811bbcbcc37bf828beca7e7e50955ce98a,
Data Analyst Intern,Codemonk,Bengaluru,,,"['Data Analysis', 'R']",Starts in 1-3 months,,Internship,naukri.com,https://www.naukri.com/job-listings-data-analyst-intern-codemonk-bengaluru-0-to-1-years-300925505149,2026-03-04T17:31:21.280887,e1fbe625b95303cb9e4ca03cca367fc7bcf24445d97767f5eb9b7cd648751ac2,
Data Analyst Trainee:[Required],Gigafactor Solutions,Bengaluru,,,"['Artificial Intelligence', 'Data Analysis', 'R']",Starts in 1-3 months,,Internship,naukri.com,https://www.naukri.com/job-listings-data-analyst-trainee-required-gigafactor-solutions-bengaluru-0-to-4-years-300126501868,2026-03-04T17:31:21.281220,68540ebfc444eb81905ba33dfb8d32c41c4c371c86608781b67fe30d67a99785,
Data Analyst Trainee,Gigafactor Solutions,Bengaluru,,,"['Artificial Intelligence', 'Data Analysis', 'R']",Starts in 1-3 months,,Internship,naukri.com,https://www.naukri.com/job-listings-data-analyst-trainee-gigafactor-solutions-bengaluru-0-to-4-years-300126501867,2026-03-04T17:31:21.281543,9927daf26eae303a75c5faf90d005cb91e45b553fbd33f577ef209495f3f2eb1,
Data Analyst Remote Internships,Gigafactor Solutions,Bengaluru,,,"['Data Analysis', 'R']",Starts in 1-3 months,,Internship,naukri.com,https://www.naukri.com/job-listings-data-analyst-remote-internships-gigafactor-solutions-bengaluru-0-to-1-years-300126501866,2026-03-04T17:31:21.281889,c80bfd39d4d9dffbf1d29a0d9f565e4649ab4975cea9b188fcda3ec47cfd8c92,
CA Industrial Trainee Intern,Eyeota,Mumbai,,,"['Artificial Intelligence', 'R']",Starts in 1-3 months,,Internship,naukri.com,https://www.naukri.com/job-listings-ca-industrial-trainee-intern-eyeota-mumbai-0-to-5-years-180226502589,2026-03-04T17:31:21.282218,870ed61c11a245642d6cd216ce81e4be57c858bbdcaecea5a38311e9f57f909a,
"ESG Data Analyst, SBA (Implant)",Sattva Consulting,Bengaluru,,,"['Data Analysis', 'R']",Starts in 1-3 months,,Internship,naukri.com,https://www.naukri.com/job-listings-esg-data-analyst-sba-implant-sattva-consulting-bengaluru-0-to-2-years-110226502695,2026-03-04T17:31:21.282595,fc49a5b97150246bedf62315a718435898baa8fe932029f4c3b5215a47195d4e,
Data Analyst Intern,Signzy,Bengaluru,,,"['Data Analysis', 'R']",Starts in 1-3 months,,Internship,naukri.com,https://www.naukri.com/job-listings-data-analyst-intern-signzy-bengaluru-0-to-1-years-060525501579,2026-03-04T17:31:21.282988,6e84819c8a0cd40aec0bce3df510ef1624e3d97b2d63aeff9b5217b912c91320,
Technical Analyst Intern,Apps Mav,Chennai,,,"['Artificial Intelligence', 'R']",Starts in 1-3 months,,Internship,naukri.com,https://www.naukri.com/job-listings-technical-analyst-intern-appsmav-chennai-0-to-1-years-131125503456,2026-03-04T17:31:21.283322,bd5dec28eea7d955d23b1dd9fe45fcabbbaa743a802d0d292f73932470683536,
Data Analytics Trainee,Gigafactor Solutions,Bengaluru,,,"['Analytics', 'Artificial Intelligence', 'Data Analytics', 'R']",Starts in 1-3 months,,Internship,naukri.com,https://www.naukri.com/job-listings-data-analytics-trainee-gigafactor-solutions-bengaluru-0-to-1-years-300126501870,2026-03-04T17:31:21.283657,1cfcea20418cc1a0e27621184b3bc183064f3c8549a68d9beb35b151452ec6f1,
Data Science Internship,360DigiTMG,Bengaluru,,,"['Data Science', 'R']",Starts in 1-3 months,,Internship,naukri.com,https://www.naukri.com/job-listings-data-science-internship-360digitmg-bengaluru-0-to-3-years-180825504000,2026-03-04T17:31:21.284059,6f3422527f7d3b898a75333477f0a5a5476f1f2a6169574ed257e3b5eabb5b52,
Academic Intern (Data Science),Newton School,Bengaluru,,,"['Data Science', 'R']",Starts in 1-3 months,,Internship,naukri.com,https://www.naukri.com/job-listings-academic-intern-data-science-newton-school-bengaluru-0-to-3-years-261225501248,2026-03-04T17:31:21.284447,17b806030169b073d3c02f491d9b03e4236c2790327981d5b41aae5dd1c82378,
Intern - Data Science,AST Spacemobile,Bengaluru,,,"['Data Science', 'R']",Starts in 1-3 months,,Internship,naukri.com,https://www.naukri.com/job-listings-intern-data-science-newspace-research-and-technologies-bengaluru-0-to-2-years-110226501629,2026-03-04T17:31:21.284858,67ecade4bed76c56ed22a2570cf7672937e81c6de1e24ce92c28c7acda53b2e5,
Finance Intern,Analytics Vidhya,Gurugram,,,"['Analytics', 'R']",Starts in 1-3 months,,Internship,naukri.com,https://www.naukri.com/job-listings-finance-intern-analytics-vidhya-educon-pvt-ltd-gurugram-0-to-1-years-201125503521,2026-03-04T17:31:21.285259,32a8005a078d1e007cba9e01556827035c314590f6073672a7872fcc1dfe32fa,
Trainee AI ML,Vertexplus Technologies,Jaipur,,,"['Artificial Intelligence', 'Machine Learning', 'R']",Starts in 1-3 months,,Internship,naukri.com,https://www.naukri.com/job-listings-trainee-ai-ml-vertexplus-technologies-private-limited-jaipur-0-to-1-years-020825500433,2026-03-04T17:31:21.285667,d0ce2c3175a642130af6d96b0a1f89dde5b08454e46fd8a795e8ec8cbec83fa5,
Intern,Specialist Advisory Intervention Group (SAIG),Mumbai,,,"['Artificial Intelligence', 'R']",Starts in 1-3 months,,Internship,naukri.com,https://www.naukri.com/job-listings-intern-specialist-advisory-intervention-group-saig-mumbai-0-to-1-years-311025501977,2026-03-04T17:31:21.286099,4b82c95827c158f0c700be0d19d2e2a2cf13a6773ae6641c5b9e9b58544d74e0,
Internship,Dsignz Media,Coimbatore,,,['R'],Starts in 1-3 months,,Internship,naukri.com,https://www.naukri.com/job-listings-internship-dsignz-media-coimbatore-0-to-1-years-121125503962,2026-03-04T17:31:21.286549,a9c86d1663d9dc4e44637ab698a36e8e4cdb34d4d4e7d7749671cef8700d3987,
Summer Intern - Marketing,Symmetry Systems,Remote,,,['R'],Starts in 3-6 months,,Internship,naukri.com,https://www.naukri.com/job-listings-summer-intern-marketing-symmetry-systems-remote-0-to-1-years-080126503479,2026-03-04T17:31:33.775615,4de8504f526e822a9f592f3e8debbf9bbc620e6fb89eab588a499c35506e0304,
Growth & Marketing Internship,Capabl India,Remote,,,['R'],Starts in 1-3 months,,Internship,naukri.com,https://www.naukri.com/job-listings-growth-marketing-internship-capabl-india-remote-0-to-1-years-311025503033,2026-03-04T17:31:33.776129,31e54414bd3671664ecd26d6da375d05036da9ee7415d282a744cd190b8108b1,
Social Media & Marketing Intern,Vizara Technologies,Gurugram,,,['R'],Starts in 1-3 months,,Internship,naukri.com,https://www.naukri.com/job-listings-social-media-marketing-intern-vizara-technologies-gurugram-0-to-1-years-291024504986,2026-03-04T17:31:33.776648,1d817c9034b4a7408af69eb29ce75455079a8987399839cead6e468aa4849a41,
Operations Internship + PPO,Capabl India,Remote,,,['R'],Starts in 1-3 months,,Internship,naukri.com,https://www.naukri.com/job-listings-operations-internship-ppo-capabl-india-remote-0-to-1-years-271125500645,2026-03-04T17:31:33.777282,f370e06916c189ed1c878e430aec599e33939fc77d682f38052b7dc3332f4010,
Content Writer Intern - English,Dristi,New Delhi,,,['R'],Starts in 1-3 months,,Internship,naukri.com,https://www.naukri.com/job-listings-content-writer-intern-english-dristi-new-delhi-0-to-1-years-271125500429,2026-03-04T17:31:33.778099,83515f86a2504d2116ac376f0ada715e0637920a71250d6229c707e27812433a,
Intern Data Analyst,Credenca Data Solutions,Pune,,,"['Data Analysis', 'R']",Starts in 1-3 months,,Internship,naukri.com,https://www.naukri.com/job-listings-intern-data-analyst-credenca-pune-0-to-1-years-270226503622,2026-03-04T17:31:33.778463,f20c479a9e50e0d66a930d68a676b091f79874248c6c2e75d86bd2b4df122c35,
AI Internship,TalaKunchi,Mumbai,,,"['Artificial Intelligence', 'R']",Starts in 1-3 months,,Internship,naukri.com,https://www.naukri.com/job-listings-ai-internship-talakunchi-networks-private-limited-mumbai-0-to-1-years-210325505889,2026-03-04T17:31:33.779196,1fe9b931f5caeced29642fa78c3f9b6ab7921892386d98fe6c0caa38a5995dee,
AI/ML Trainee,Mudunuru,Visakhapatnam,,,"['Artificial Intelligence', 'Machine Learning', 'R']",Starts in 1-3 months,,Internship,naukri.com,https://www.naukri.com/job-listings-ai-ml-trainee-mudunuru-ltd-visakhapatnam-0-to-1-years-200125502646,2026-03-04T17:31:33.779659,b0c545ac5e56d6eb44ffc0292a1bf208dfcf36074f2bc7aab48dce82b1d2fa40,
EA Intern,Wadhwani Ai,Mumbai,,,"['Artificial Intelligence', 'R']",Starts in 1-3 months,,Internship,naukri.com,https://www.naukri.com/job-listings-ea-intern-wadhwani-ai-mumbai-0-to-1-years-140525503123,2026-03-04T17:31:33.780128,ac6a1a570efd6616385e1611cb89b6e46fbf5ce0e2b8dd354318f30783e13b88,
IoT Intern,Huebits Tech Visakhapatnam,Visakhapatnam,,,['R'],Starts in 1-3 months,,Internship,naukri.com,https://www.naukri.com/job-listings-iot-intern-huebits-visakhapatnam-0-to-2-years-130525501654,2026-03-04T17:31:33.780613,a799fce5fa7ef2a114665051985848c267c477eb712200fe45c7d9dcff5ebbc8,
Trainee Software Developer,Naviga Global,Noida,,,"['Artificial Intelligence', 'R']",Starts in 1-3 months,,Internship,naukri.com,https://www.naukri.com/job-listings-trainee-software-developer-naviga-noida-0-to-5-years-110725507630,2026-03-04T17:31:33.781182,58a42216867e572b994205851c0cad8c965159151760e1505a013424d1d4397a,
RPA INTERN,Step One Step Ahead Llp,Thane,,,['R'],Starts in 1-3 months,,Internship,naukri.com,https://www.naukri.com/job-listings-rpa-intern-step-onestep-ahead-thane-0-to-1-years-101224504427,2026-03-04T17:31:33.781552,a806e42307711b7fab18b81af46d369803688848e67de899475b49680b1d3f14,
Radio Frequency Intern,Nerve Cells Ai,Mohali,,,"['Artificial Intelligence', 'R']",Starts in 1-3 months,,Internship,naukri.com,https://www.naukri.com/job-listings-radio-frequency-intern-nerve-cells-ai-pvt-ltd-mohali-0-to-2-years-061125502983,2026-03-04T17:31:33.781886,9231d131846d28c139117bcb86d22aebf6ba1737e2925d297a0db6c18d50b942,
Content Writer Intern,Cybernx Technologies,Mumbai,,,"['Artificial Intelligence', 'R']",Starts in 1-3 months,,Internship,naukri.com,https://www.naukri.com/job-listings-content-writer-intern-cybernx-technologies-pvt-ltd-mumbai-0-to-2-years-061125502258,2026-03-04T17:31:33.782323,b42a2b96f71fb6005c5ef418b83d235721c7a1853b8709628c32ae9a139fac2f,
Sales Intern,Datacouch,Mohali,,,['R'],Starts in 1-3 months,,Internship,naukri.com,https://www.naukri.com/job-listings-sales-intern-datacouch-mohali-0-to-1-years-051124503161,2026-03-04T17:31:33.782712,cc69ce6047fa5384a8780363b16cdb8c506e50fd310593bbfffc0682dae6c805,
AI ML Intern,Ittanta Technologies,Gandhinagar,,,"['Artificial Intelligence', 'Machine Learning', 'R']",Starts in 1-3 months,,Internship,naukri.com,https://www.naukri.com/job-listings-ai-ml-intern-ittanta-technologies-pvt-ltd-gandhinagar-0-to-1-years-041225501443,2026-03-04T17:31:33.783071,694b0f8241ed0e99201cc8a1193ed234876b5f68a9ff42f23946de16da70dace,
Intern at Armory,Armory Startup,Gurugram,,,['R'],Starts in 1-3 months,,Internship,naukri.com,https://www.naukri.com/job-listings-intern-at-armory-armory-startup-gurugram-0-to-1-years-031224506179,2026-03-04T17:31:33.783413,9406a0544ba9f976fc8d3750aa1adbf070e030ca87997706e10a2d66af7aaaf0,
Intern,Armory Gurugram,Gurugram,,,['R'],Starts in 1-3 months,,Internship,naukri.com,https://www.naukri.com/job-listings-intern-armory-gurugram-0-to-1-years-011225503476,2026-03-04T17:31:33.783790,61deabdf3c368431a571c7156ef88cd608ffa098f13025731c99e51487362dfc,
Buying Intern (In Office),Puma,Bengaluru,,,['R'],Starts within 1 month,,Internship,naukri.com,https://www.naukri.com/job-listings-buying-intern-in-office-puma-bengaluru-0-to-1-years-010925016567,2026-03-04T17:31:33.784189,fbe4ae963c961de9f43d0067607e8f1c1edde26442a71f900eb8c9f10a2c20fd,
Marketing Intern,Utsavy,Remote,,,['R'],Starts in 1-3 months,,Internship,naukri.com,https://www.naukri.com/job-listings-marketing-intern-utsavy-remote-0-to-1-years-300126504281,2026-03-04T17:31:47.755323,8ce69ee837de1fc299cc329b0d786adfcd927f5ef8d264deff54c38b8519f71c,
ML/AI Intern,AgentAnalytics.AI,Hyderabad,,,"['Analytics', 'Artificial Intelligence', 'Machine Learning', 'R']",Starts : 27th Sep' 25,,Internship,naukri.com,https://www.naukri.com/job-listings-ml-ai-intern-agentanalytics-ai-hyderabad-0-to-1-years-261225502174,2026-03-04T17:31:47.755658,da2cf3b84aed5b4b98c59566ac7390700e26a43b9d60b84cb9f4e08a20ca8bc6,
AI/ML Intern,Pgagi,Remote,,,"['Artificial Intelligence', 'Machine Learning', 'R']",Starts in 1-3 months,,Internship,naukri.com,https://www.naukri.com/job-listings-ai-ml-intern-pgagi-remote-0-to-1-years-260325504806,2026-03-04T17:31:47.756029,6259cb8dc00709498b95dda5e6d3fba342cc7049aba47843eb36407bb946db0a,
Software Sales Intern (AI & Software Services),Fusionpact Technologies,Noida,,,"['Artificial Intelligence', 'R']",Starts in 1-3 months,,Internship,naukri.com,https://www.naukri.com/job-listings-software-sales-intern-ai-software-services-fusionpact-technologies-inc-noida-0-to-1-years-251125508081,2026-03-04T17:31:47.756436,12c41a9215c2ae5682adaf6762f2b8041ed53dcf1adf20208f28928292f01627,
AI Intern,Karomi Technology,Chennai,,,"['Artificial Intelligence', 'R']",Starts in 1-3 months,,Internship,naukri.com,https://www.naukri.com/job-listings-ai-intern-karomi-technologies-chennai-0-to-1-years-231225503370,2026-03-04T17:31:47.757204,5ecd209688c2d67d64d2653f3881e912bb31d6adc5bbf4db6e0849ed20416f09,
Video Editor Intern (AI / Reels / Ads),Viral Inbound,Remote,,,"['Artificial Intelligence', 'R']",Starts within 1 month,,Internship,naukri.com,https://www.naukri.com/job-listings-video-editor-intern-ai-reels-ads-viral-inbound-mumbai-all-areas-0-to-1-years-200226015549,2026-03-04T17:31:47.757527,e6dd7081bcb0443294e81c062d36dd77d6777debba2d7b6df2de5ea100f592c0,
AI Intern - R&D,360DigiTMG,Chennai,,,"['Artificial Intelligence', 'R']",Starts in 1-3 months,,Internship,naukri.com,https://www.naukri.com/job-listings-ai-intern-r-d-360digitmg-chennai-0-to-1-years-180825504095,2026-03-04T17:31:47.757892,371c938c52c1ee281920cba1e77a82eec610ae0eb5f8253c1977eab72826a125,
AI Intern - GenAI,360DigiTMG,Chennai,,,"['Artificial Intelligence', 'R']",Starts in 1-3 months,,Internship,naukri.com,https://www.naukri.com/job-listings-ai-intern-genai-360digitmg-chennai-0-to-1-years-180825504094,2026-03-04T17:31:47.758252,e4d7d9e56024417b58da9ee6dbb108d3b69ca45ef14c28d760d0f8e1b498687c,
Marketing Research Intern AI & Tech,Daveai,Chennai,,,"['Artificial Intelligence', 'R', 'Research']",Starts in 1-3 months,,Internship,naukri.com,https://www.naukri.com/job-listings-marketing-research-intern-ai-tech-daveai-chennai-0-to-1-years-091225503701,2026-03-04T17:31:47.758614,5a33d7a116c195d1744a7e93036f4d9440dee26de0e8d4a40ff9eef8b49a2379,
AI Agent & Automation Intern,Zuntra Digital,Chennai,,,"['Artificial Intelligence', 'R']",Starts in 1-3 months,,Internship,naukri.com,https://www.naukri.com/job-listings-ai-agent-automation-intern-zuntra-digital-chennai-0-to-1-years-290725503961,2026-03-04T17:31:47.758973,f5e4986ddc2978321f2655a3c62cf6ac9c34c318734ced5c7fd67fb345fa77d5,
AI & ML Intern,Amitkk,Mumbai,,,"['Artificial Intelligence', 'Machine Learning', 'R']",Starts in 1-3 months,,Internship,naukri.com,https://www.naukri.com/job-listings-ai-ml-intern-amitkk-mumbai-0-to-5-years-220425502441,2026-03-04T17:31:47.759766,fb9ba6e5ea53dc73b0846782dbd7323439d3910c70c9ee63b37f1db47b0f9194,
AI Specialist - Trainee,Beinex,Remote,,,"['Artificial Intelligence', 'R']",Starts in 1-3 months,,Internship,naukri.com,https://www.naukri.com/job-listings-ai-specialist-trainee-beinex-consulting-remote-0-to-3-years-200625500819,2026-03-04T17:31:47.760137,c2521af6eac7128365fa016104b3169a1d87fc947f5c7c87062bd01593c786f9,
AI agent developer intern,Winvesta,Surat,,,"['Artificial Intelligence', 'R']",Starts in 1-3 months,,Internship,naukri.com,https://www.naukri.com/job-listings-ai-agent-developer-intern-winvesta-surat-0-to-3-years-190625503695,2026-03-04T17:31:47.760506,f4a7b764e7dc93ec6577f5fccf650c28c02014ce65c82b16d053aa6a12a51afd,
AI Intern,Swaran Soft,Gurugram,,,"['Artificial Intelligence', 'R']",Starts in 1-3 months,,Internship,naukri.com,https://www.naukri.com/job-listings-ai-intern-swaran-soft-gurugram-0-to-1-years-190325512338,2026-03-04T17:31:47.760896,6219e71de9e1f102c3a34cd598e95b5516fd73c32cf3ff19f2171cb9af7fc39a,
Junior Graphic Designer – AI Enthusiast (Remote Internship),Figmenta,Remote,,,"['Artificial Intelligence', 'R']",Starts in 1-3 months,,Internship,naukri.com,https://www.naukri.com/job-listings-junior-graphic-designer-ai-enthusiast-remote-internship-figmenta-remote-0-to-1-years-181225500017,2026-03-04T17:31:47.761237,90cc21962b42f248a5848d8c336a3bea95281eb3698cb647914befe9e69f98d7,
AI Intern,360DigiTMG,Mumbai,,,"['Artificial Intelligence', 'R']",Starts in 1-3 months,,Internship,naukri.com,https://www.naukri.com/job-listings-ai-intern-360digitmg-mumbai-0-to-1-years-180825504275,2026-03-04T17:31:47.761826,3f21311293c69a0b347e76c1d427ed9d8a1674b5469cb8168d07cb0e7a01a0d2,
AI Intern - Backend,360DigiTMG,Chennai,,,"['Artificial Intelligence', 'Backend Development', 'R']",Starts in 1-3 months,,Internship,naukri.com,https://www.naukri.com/job-listings-ai-intern-backend-360digitmg-chennai-0-to-1-years-180825504093,2026-03-04T17:31:47.762430,ee7fb7920ce466bc42a8537f6bb705cd625b742934d3efc7401b10f35ff77128,
FaceIntel Technologies - AI Intern,360DigiTMG,Hyderabad,,,"['Artificial Intelligence', 'R']",Starts in 1-3 months,,Internship,naukri.com,https://www.naukri.com/job-listings-faceintel-technologies-ai-intern-360digitmg-hyderabad-0-to-1-years-180825504085,2026-03-04T17:31:47.762865,dc7ef3dd3ab899030aca5fd0563f174612b71e06c9413e4c2c231345eac4101d,
AI/ML Trainee Internship,360DigiTMG,Hyderabad,,,"['Artificial Intelligence', 'Machine Learning', 'R']",Starts in 1-3 months,,Internship,naukri.com,https://www.naukri.com/job-listings-ai-ml-trainee-internship-360digitmg-hyderabad-0-to-4-years-180825503971,2026-03-04T17:32:00.391749,0e36a3d79378cb5e1b40be005afa70b1f28a76f75d13441b91c0dca00da22bd2,
AI ML Research Intern,zocket,Chennai,,,"['Artificial Intelligence', 'Machine Learning', 'R', 'Research']",Starts in 1-3 months,,Internship,naukri.com,https://www.naukri.com/job-listings-ai-ml-research-intern-zocket-chennai-0-to-1-years-180625502357,2026-03-04T17:32:00.392152,e1af8dfa920211e4299ea1863e009d3643250696ed3672c1d1d2441d1fcca4f9,
Full Stack AI Developer - Intern,BlueCopper Technology,Kolkata,,,"['Artificial Intelligence', 'R']",Starts in 1-3 months,,Internship,naukri.com,https://www.naukri.com/job-listings-full-stack-ai-developer-intern-blue-copper-technologies-pvt-ltd-kolkata-0-to-2-years-160226502178,2026-03-04T17:32:00.392530,f1c22702b1f026e202f074e81952bb95859d73a26efe42b94963b923a5c77ff3,
Sales Intern,Dmacq Software,Mumbai,,,"['Artificial Intelligence', 'R']",Starts in 1-3 months,,Internship,naukri.com,https://www.naukri.com/job-listings-sales-intern-dmacq-software-pvt-ltd-mumbai-0-to-1-years-160126500534,2026-03-04T17:32:00.392896,c388720421bf458456db9bd29b4f038aa91c628936c9b4906e934f545e307e37,
AI ML Intern,Vowels Of The People Association,Pune,,,"['Artificial Intelligence', 'Machine Learning', 'R']",Starts in 1-3 months,,Internship,naukri.com,https://www.naukri.com/job-listings-ai-ml-intern-vopa-pune-0-to-1-years-141125500868,2026-03-04T17:32:00.393265,02b73e593719e300b1d1c5f9598d50829bd9b5284a84dda041149dff48850380,
AI Intern  Backend,Stablx,Hyderabad,,,"['Artificial Intelligence', 'Backend Development', 'R']",Starts in 1-3 months,,Internship,naukri.com,https://www.naukri.com/job-listings-ai-intern-backend-stablx-hyderabad-0-to-1-years-140725502597,2026-03-04T17:32:00.393591,666bbacc8b7dcf4689f0459c3227ef042e99fb1449cb5c78255001d09e937cab,
"AI Automation Internship (n8n, RAG)",Finbyz Tech,Ahmedabad,,,"['Artificial Intelligence', 'R']",Starts in 1-3 months,,Internship,naukri.com,https://www.naukri.com/job-listings-ai-automation-internship-n8n-rag-finbyz-tech-pvt-ltd-ahmedabad-0-to-3-years-131125503097,2026-03-04T17:32:00.393977,51b7c09bfb9c9001fa87e07b98cba7fa8c68f7beb6d8a0bb1d91c025df50c500,
Intern Applied AI Researcher,Spyne,Gurugram,,,"['Artificial Intelligence', 'R', 'Research']",Starts in 1-3 months,,Internship,naukri.com,https://www.naukri.com/job-listings-intern-applied-ai-researcher-spyne-gurugram-0-to-1-years-130325504397,2026-03-04T17:32:00.394350,efba9c13714fa109d1063b3b20517a3598e96e787249774ee88c04e2e0052096,
AI Content Creation Intern,Be Rolling Media,New Delhi,,,"['Artificial Intelligence', 'R']",Starts in 1-3 months,,Internship,naukri.com,https://www.naukri.com/job-listings-ai-content-creation-intern-be-rolling-media-new-delhi-0-to-2-years-120226503727,2026-03-04T17:32:00.394682,41a2ef5abaf0434d16a9bb3752fde6de0b0fe8ab67da42ef6479edb0147ca183,
Intern Embedded Developer/ IoT Developer/ AI Developer,Galwin Technology,"Madurai, Tiruchirapalli",,,"['Artificial Intelligence', 'R']",Starts in 1-3 months,,Internship,naukri.com,https://www.naukri.com/job-listings-intern-embedded-developer-iot-developer-ai-developer-galwin-technology-madurai-tiruchirapalli-0-to-2-years-111225505582,2026-03-04T17:32:00.395084,4a8b416ed903ebd15ffe4458a1978f0ffa8e37f696a255a67eaf44cb7ca98bb1,
AI/ML Development Intern,Obliq Labs,Kakinada,,,"['Artificial Intelligence', 'Machine Learning', 'R']",Starts in 1-3 months,,Internship,naukri.com,https://www.naukri.com/job-listings-ai-ml-development-intern-obliq-labs-kakinada-0-to-3-years-101225503627,2026-03-04T17:32:00.395417,1ea49b7677340c34a25a0d9b932837059130f82dd28d66d315afce25cbe7b5e2,
Trainees AI Workflows in VFX,Oldmonk Studio,Mumbai,,,"['Artificial Intelligence', 'R']",Starts in 1-3 months,,Internship,naukri.com,https://www.naukri.com/job-listings-trainees-ai-workflows-in-vfx-oldmonk-studio-mumbai-0-to-2-years-101225503506,2026-03-04T17:32:00.395815,1db5527218e4c9df54c3e2f2232530712deac9ecbbc249087e7660d46bfd8026,
Vision Systems & AI Intern,Elansol Technologies,Pune,,,"['Artificial Intelligence', 'R']",Starts in 1-3 months,,Internship,naukri.com,https://www.naukri.com/job-listings-vision-systems-ai-intern-elansol-technologies-private-limited-pune-0-to-1-years-091224500624,2026-03-04T17:32:00.396569,dc265ed37fe5f552865190bd0cd19eabfde0f7b79f8375f1df92fbaa8d0be3fc,
ML / AI Intern,Zipaworld Innovation,Noida,,,"['Artificial Intelligence', 'Machine Learning', 'R']",Starts in 1-3 months,,Internship,naukri.com,https://www.naukri.com/job-listings-ml-ai-intern-zipaworld-noida-0-to-1-years-030225504816,2026-03-04T17:32:00.397325,000194773f1198f84b2279358344d6bfe2ebb2d82cb8e4567b9007de556e94fe,
AI ML Intern,Blitzenx,Hyderabad,,,"['Artificial Intelligence', 'Machine Learning', 'R']",Starts in 1-3 months,,Internship,naukri.com,https://www.naukri.com/job-listings-ai-ml-intern-blitzenx-rapid-consulting-services-hyderabad-0-to-2-years-020725505865,2026-03-04T17:32:00.397952,2195083cce564978c0572ccf0bfdc35df6bc44912010dd220ca118b060d8a8f5,
AI Developer Intern,RNG Dev,Remote,,,"['Artificial Intelligence', 'R']",Starts in 1-3 months,,Internship,naukri.com,https://www.naukri.com/job-listings-ai-developer-intern-rngdev-remote-0-to-2-years-020725503447,2026-03-04T17:32:00.398523,2f108b0cef872bf95ad36747e4148e875bc86537cc9466d9709771e59386405b,
Research Intern - Data Science,Sattva Consulting,Gurugram,,,"['Data Science', 'R', 'Research']",Starts in 1-3 months,,Internship,naukri.com,https://www.naukri.com/job-listings-research-intern-data-science-sattva-consulting-gurugram-0-to-1-years-270226500403,2026-03-04T17:32:00.399789,c9a16f0e64893e3ed5ad4128fff04737e51014b6c0042ff5dfe9703df9c9e966,
Dot Net Developer - AI (Trainee),TechPerspect,Noida,,,"['Artificial Intelligence', 'R']",Starts within 1 month,,Internship,naukri.com,https://www.naukri.com/job-listings-dot-net-developer-ai-trainee-techperspect-noida-0-to-1-years-120924009053,2026-03-04T17:32:00.400404,ae8dac1fb08efa3e3161549ae6722ad7c088a74603de6e900d2e6c25138a8d09,
SaaS based AI Digital Marketing,Vibrant Digital,Gurugram(Sushant Lok Phase 1 +1),,,"['Artificial Intelligence', 'R']",Starts within 1 month,,Internship,naukri.com,https://www.naukri.com/job-listings-saas-based-ai-digital-marketing-vibrant-digital-gurugram-0-to-1-years-070226018208,2026-03-04T17:32:00.400949,291df592086d32af95e384cefd67a78b210bf942c70e926d4ccf82e87932a891,
AI Security and Gen AI Intern,Paradigmit Technology Services,Hyderabad,,,"['Artificial Intelligence', 'Generative AI', 'R']",Starts within 1 month,,Internship,naukri.com,https://www.naukri.com/job-listings-ai-security-and-gen-ai-intern-paradigmit-technology-services-hyderabad-0-to-1-years-050226009366,2026-03-04T17:32:12.804296,ea6173a546698f132b6fb57ff8cfafb77ee4c96787fbb4febaeeba75e1e01710,
Management Trainee Intern,Atiya Herbs,New Delhi,,,"['Artificial Intelligence', 'R']",Starts within 1 month,,Internship,naukri.com,https://www.naukri.com/job-listings-management-trainee-intern-atiya-herbs-new-delhi-0-to-1-years-030226025658,2026-03-04T17:32:12.804756,fbc4014ce3dc026599cd3acf4d82c57e09b61ed48d05e90e3229dde09315dbda,
Growth Intern,Digidarts Marketing,Gurugram,,,['R'],Starts within 1 month,,Internship,naukri.com,https://www.naukri.com/job-listings-growth-intern-digidarts-marketing-gurugram-0-to-1-years-160226005727,2026-03-04T17:32:12.805130,3ef6f9347e5408f03210556bdf331e85786d6e6afffd24ab78f45003b1b78bee,
AI / Computer Vision Research Intern (PG Level),Johnson Electric,Chennai(Thoraipakkam),,,"['Artificial Intelligence', 'Computer Vision', 'R', 'Research']",Starts within 1 month,,Internship,naukri.com,https://www.naukri.com/job-listings-ai-computer-vision-research-intern-pg-level-johnson-electric-chennai-0-to-1-years-050226032624,2026-03-04T17:32:12.805503,408586c0ca34b7ccd08208fc3dc1c370eb52daedea27b01f744353f75303413c,
Mass Communication Intern,Tekdi Technologies,Pune,,,['R'],Starts within 1 month,,Internship,naukri.com,https://www.naukri.com/job-listings-mass-communication-intern-tekdi-technologies-pune-0-to-1-years-030226025891,2026-03-04T17:32:12.805884,b872488327145a7676cf3993136088c2cc754697e638f26487e7c1fe50a8c563,
Data Analyst Intern,The Night Marketer,New Delhi,,,"['Data Analysis', 'R']",Starts in 1-3 months,,Internship,naukri.com,https://www.naukri.com/job-listings-data-analyst-intern-the-night-marketer-new-delhi-0-to-2-years-301225505128,2026-03-04T17:32:12.806276,4c7a9080abf8979b9549145d86fe6eb2603d38c36f10512e4a2fc0527ee13b8f,
Data Analyst Intern,Innovexis,Remote,,,"['Data Analysis', 'R']",Starts in 1-3 months,,Internship,naukri.com,https://www.naukri.com/job-listings-data-analyst-intern-innovexis-remote-0-to-1-years-290126508134,2026-03-04T17:32:12.806630,432048b4fa9d96c6cc3f29ffb80431f909436f52c2462aac5e557dca48f80d63,
Data Analysis Traineeship ly Professional,Gigafactor Solutions,Pune,,,"['Artificial Intelligence', 'R']",Starts in 1-3 months,,Internship,naukri.com,https://www.naukri.com/job-listings-data-analysis-traineeship-ly-professional-gigafactor-solutions-pune-0-to-1-years-290126507734,2026-03-04T17:32:12.806971,cfa6784e0d8fad5c00c069561ed5868a67ae8ff03c973226ebc8068ca07d3bb3,
Data Analyst Associate,Mhtechin,Pune,,,['Data Analysis'],Starts in 1-3 months,,Internship,naukri.com,https://www.naukri.com/job-listings-data-analyst-associate-mhtechin-pune-0-to-2-years-281025502399,2026-03-04T17:32:12.807334,b9e874e6d9d6c375b834e7fda682dce54ab9d32d8ae1867e502a943716257d7b,
Trust and Safety Data Analyst Intern,VRChat Inc.,Remote,,,"['Data Analysis', 'R']",Starts in 1-3 months,,Internship,naukri.com,https://www.naukri.com/job-listings-trust-and-safety-data-analyst-intern-vrchat-inc-remote-0-to-1-years-080126503443,2026-03-04T17:32:12.807666,5d1bf6ec9be50dfef8f5c346ca72d8c1201ae7e7c257186e486579d982ebac33,
Data Analyst Intern,Cloud Counselage,Mumbai,,,"['Artificial Intelligence', 'Cloud Computing', 'Data Analysis', 'R']",Starts in 1-3 months,,Internship,naukri.com,https://www.naukri.com/job-listings-data-analyst-intern-cloud-counselage-pvt-ltd-mumbai-0-to-1-years-301225507774,2026-03-04T17:32:12.808030,fc4bbdefa19f4c721eb451973e175f3c4d45eafc0072471984867c3242ae61aa,
Business Development INTERNS/TRAINEES,Aviv Infotech,Bengaluru,,,"['Artificial Intelligence', 'R']",Starts in 1-3 months,,Internship,naukri.com,https://www.naukri.com/job-listings-business-development-interns-trainees-aviv-infotech-bengaluru-0-to-1-years-301025503075,2026-03-04T17:32:12.808346,734e29e039eed68f5a43324bbbb0b19ddaf3ee383a6ed3ff2ad9074402842454,
Data Analysis Intern,Clear Quant,Ahmedabad,,,['R'],Starts in 1-3 months,,Internship,naukri.com,https://www.naukri.com/job-listings-data-analysis-intern-clearquant-ahmedabad-0-to-1-years-290425504274,2026-03-04T17:32:12.808710,17c7a98541905b495fbcbbaebc3ffcb9c1a58045b0634a1a590d9a44e66a6544,
Data Analyst internship,Katyayani Organics,Bhopal,,,"['Data Analysis', 'R']",Starts in 1-3 months,,Internship,naukri.com,https://www.naukri.com/job-listings-data-analyst-internship-katyayani-organics-bhopal-0-to-3-years-261125502937,2026-03-04T17:32:12.809087,14db625e17e90c4f4b6ba2ea54a9254aeb70116938bf4059e7dd4c5144070dfa,
Data Analyst Intern,TechKnowledgeHub.org,Remote,,,"['Data Analysis', 'R']",Starts in 1-3 months,,Internship,naukri.com,https://www.naukri.com/job-listings-data-analyst-intern-techknowledgehub-org-remote-0-to-3-years-220424500450,2026-03-04T17:32:12.809414,f786e4258e4e92619843520a4d64bf7422218dc3629e018e39459ab736aaad08,
Data Analyst Intern,Mobilestyx Consulting Solutions,Mumbai,,,"['Artificial Intelligence', 'Data Analysis', 'R']",Starts in 1-3 months,,Internship,naukri.com,https://www.naukri.com/job-listings-data-analyst-intern-mobilestyx-consulting-solutions-mumbai-0-to-1-years-181225504638,2026-03-04T17:32:12.809804,713bc99d17c90f2980603bf925f9bff600aec184a74ecdee6a4c9d6e660cab83,
Data Analyst Intern,Makunai Global Technologies,Noida,,,"['Artificial Intelligence', 'Data Analysis', 'R']",Starts in 1-3 months,,Internship,naukri.com,https://www.naukri.com/job-listings-data-analyst-intern-makunai-global-technologies-noida-0-to-2-years-171125501231,2026-03-04T17:32:12.810199,3e8382a8313ff640c5a7972b8344d728e82d688e695dc1ffbde093f29d6e82fd,
Associate Data Analyst,Xenonstack,Mohali,,,['Data Analysis'],Starts in 1-3 months,,Internship,naukri.com,https://www.naukri.com/job-listings-associate-data-analyst-xenonstack-private-ltd-mohali-0-to-1-years-160823500003,2026-03-04T17:32:12.810580,d36c55ff407afb8d4960a7bcb4266f397f8f920790aba86b913ff787be18f0ae,
Data Analyst Intern,Thoughtcoders,Ballia,,,"['Data Analysis', 'R']",Starts in 1-3 months,,Internship,naukri.com,https://www.naukri.com/job-listings-data-analyst-intern-thoughtcoders-ballia-0-to-3-years-110624502893,2026-03-04T17:32:12.810978,f01181e2287d6afda484f9359edc6e96b45a0c899e2e88350445e1081f60c0f1,
Data Analyst Intern,Neuraltechsoft,Mumbai,,,"['Artificial Intelligence', 'Data Analysis', 'R']",Starts in 1-3 months,,Internship,naukri.com,https://www.naukri.com/job-listings-data-analyst-intern-neuraltech-soft-mumbai-0-to-3-years-090925500685,2026-03-04T17:32:12.811366,d29608d6b12afccd742d3134bcdc63ec71426b68ca6416b404f5824d986840f3,
Data Analyst Intern,Analytics Vidhya,Gurugram,,,"['Analytics', 'Data Analysis', 'R']",Starts in 1-3 months,,Internship,naukri.com,https://www.naukri.com/job-listings-data-analyst-intern-analytics-vidhya-educon-pvt-ltd-gurugram-0-to-1-years-071025503534,2026-03-04T17:32:25.471557,4f02344bb69ea9a2187bf1d650d551a7804dd2b685b2393beb07bb8d786974b4,
Data Analyst Intern,Virtualace In,Remote,,,"['Data Analysis', 'R']",Starts in 1-3 months,,Internship,naukri.com,https://www.naukri.com/job-listings-data-analyst-intern-virtualace-remote-0-to-1-years-030425503376,2026-03-04T17:32:25.471889,40b881d462b4d521081560ef4d650144adbb4722444a29e60f7498e445935914,
Data Science Intern,Cyfotok,Coimbatore,,,"['Data Science', 'R']",Starts in 1-3 months,,Internship,naukri.com,https://www.naukri.com/job-listings-data-science-intern-cyfotok-coimbatore-0-to-4-years-280825503310,2026-03-04T17:32:25.472239,6e82c364d7a4e5c4c69658e9b9ce54153926f960ebd7de40c087a5ed60cadeda,
Data Analytics Trainee,Gigafactor Solutions,Hyderabad,,,"['Analytics', 'Artificial Intelligence', 'Data Analytics', 'R']",Starts in 1-3 months,,Internship,naukri.com,https://www.naukri.com/job-listings-data-analytics-trainee-gigafactor-solutions-hyderabad-0-to-1-years-300126501869,2026-03-04T17:32:25.472560,d00636564fb45a7e37ea44dab942f5946ef99edafe54a0fa7e926f23b65e32f8,
Data Science Intern,Aryavart Institute Of Technology,"Patna, Kanpur, New Delhi, Supaul",,,"['Data Science', 'R']",Starts in 1-3 months,,Internship,naukri.com,https://www.naukri.com/job-listings-data-science-intern-aryavart-institute-of-technology-patna-kanpur-new-delhi-supaul-0-to-1-years-230424501338,2026-03-04T17:32:25.472920,adad7a59977f1bb215d17b86e865d0ca902e26c7009aa3bb7620c95d66c571ec,
Python/Data Science Intern - Patna(onsite),Geotechnosoft,Noida,,,"['Data Science', 'Python', 'R']",Starts in 1-3 months,,Internship,naukri.com,https://www.naukri.com/job-listings-python-data-science-intern-patna-onsite-geotechnosoft-noida-0-to-2-years-180624502717,2026-03-04T17:32:25.473293,27591c68f93e3a4b7fc6b61c23b04ec88b87b3bdfcb859a36399ccbcc2f06bac,
Python/Data Science Intern -,Geotechnosoft,Patna,,,"['Data Science', 'Python', 'R']",Starts in 1-3 months,,Internship,naukri.com,https://www.naukri.com/job-listings-python-data-science-intern-geotechnosoft-patna-0-to-2-years-160925502800,2026-03-04T17:32:25.473657,748ef62714d32acbe046a585eba4dbc3c3504c863729b9f672a8fb8001c9ab16,
Intern fresher role - DATA,Dbiz.ai,Kochi,,,"['Artificial Intelligence', 'R']",Starts in 1-3 months,,Internship,naukri.com,https://www.naukri.com/job-listings-intern-fresher-role-data-dbiz-consulting-kochi-0-to-2-years-150126503677,2026-03-04T17:32:25.474032,674e77e96c41908d781c6ffea0a1fd423070474be27dcd3ee2b669fc0d2417d4,
Trainee Engineer,Hypersonic Tech Solutions,Remote,,,"['Artificial Intelligence', 'R']",Starts : 10th Mar' 26,,Internship,naukri.com,https://www.naukri.com/job-listings-trainee-engineer-hypersonic-tech-solutions-pune-0-to-1-years-040326012801,2026-03-04T17:32:25.474366,112135b04bf29bb0ecad115a159639b08901e595fbb271b7e1f8f482bb30bf5f,
Big data intern,Cloud Counselage,Mumbai,,,"['Artificial Intelligence', 'Big Data', 'Cloud Computing', 'R']",Starts in 1-3 months,,Internship,naukri.com,https://www.naukri.com/job-listings-big-data-intern-cloud-counselage-pvt-ltd-mumbai-0-to-1-years-301225508019,2026-03-04T17:32:25.474741,711c57cc3cb16cd280978b19e12cb8366b59971bbc3fbac12f6393a993a54fdc,
Data Science Intern,Cloud Counselage,Mumbai,,,"['Artificial Intelligence', 'Cloud Computing', 'Data Science', 'R']",Starts in 1-3 months,,Internship,naukri.com,https://www.naukri.com/job-listings-data-science-intern-cloud-counselage-pvt-ltd-mumbai-0-to-3-years-301225507860,2026-03-04T17:32:25.475128,e6e91ba07c7327a358e6f93a3040f01b09b9020bfb5bd999503d0d6d47c329b6,
Data Analytics Intern,Zerovaega Technologies,Kolhapur,,,"['Analytics', 'Data Analytics', 'R']",Starts in 1-3 months,,Internship,naukri.com,https://www.naukri.com/job-listings-data-analytics-intern-zerovaega-technologies-kolhapur-0-to-2-years-301025503884,2026-03-04T17:32:25.475509,9ee1195d3a83713e659d9c9a711c7a60e866b1db61adc6fc09ac091ef7639965,
Intern Research & Data Support,Bright Future,Mumbai,,,"['Artificial Intelligence', 'R', 'Research']",Starts in 1-3 months,,Internship,naukri.com,https://www.naukri.com/job-listings-intern-research-data-support-bright-future-india-mumbai-0-to-1-years-250825505191,2026-03-04T17:32:25.475911,450894908245be410fa7010307a7edcc33f54e901593ebd10f363b1c74a8a7e9,
Data Science Intern,Honeybee Digital,Gandhinagar,,,"['Data Science', 'R']",Starts in 1-3 months,,Internship,naukri.com,https://www.naukri.com/job-listings-data-science-intern-honeybee-digital-gandhinagar-0-to-1-years-250625502178,2026-03-04T17:32:25.476298,519ad45fe9283d3a2e9e46809dc417dd88556ec28dd256f01121df9c4c52f15f,
Data Analytics Intern,Rhenix Lifesciences,"Hyderabad, New Delhi",,,"['Analytics', 'Data Analytics', 'R']",Starts in 1-3 months,,Internship,naukri.com,https://www.naukri.com/job-listings-data-analytics-intern-rhenix-lifesciences-hyderabad-new-delhi-0-to-1-years-241125506797,2026-03-04T17:32:25.476690,a3345be5980940851a07460fcd7f5160a4f5ec511593783b88fcf30916c4b318,
Data Science Intern,TechKnowledgeHub.org,New Delhi,,,"['Data Science', 'R']",Starts in 1-3 months,,Internship,naukri.com,https://www.naukri.com/job-listings-data-science-intern-techknowledgehub-org-new-delhi-0-to-1-years-220424500451,2026-03-04T17:32:25.477087,033359f957f910ce626dff58242e3bc5c248bebf56d21ad11f9b61900fa3d99a,
Data Analytics Intern Infosys,Digital Solution Tech,Remote,,,"['Analytics', 'Data Analytics', 'R']",Starts in 1-3 months,,Internship,naukri.com,https://www.naukri.com/job-listings-data-analytics-intern-infosys-digital-solution-tech-remote-0-to-1-years-191125503457,2026-03-04T17:32:25.477433,a144c911cc4bf845c6d887cfdd570aae5d54f7e1c5e91cb0f7a3179d6360615d,
Digital Data Reporting Intern,DG7 Solutions,Mumbai,,,"['Artificial Intelligence', 'R']",Starts in 1-3 months,,Internship,naukri.com,https://www.naukri.com/job-listings-digital-data-reporting-intern-dg7-mumbai-0-to-1-years-180825504117,2026-03-04T17:32:25.477819,8380f5e03a28408d950fe65e16032ffb7920a8b4dd93725269e24a12039152fc,
Data Science Intern,360DigiTMG,Hyderabad,,,"['Data Science', 'R']",Starts in 1-3 months,,Internship,naukri.com,https://www.naukri.com/job-listings-data-science-intern-360digitmg-hyderabad-0-to-3-years-180825504007,2026-03-04T17:32:25.478217,6cee36bb7b70d59bcbdd39caf107265e8e79a78d9d01e0b825d858b0bd864032,
Data Analytics Internship,Moris Media,Noida,,,"['Analytics', 'Data Analytics', 'R']",Starts in 1-3 months,,Internship,naukri.com,https://www.naukri.com/job-listings-data-analytics-internship-moris-media-noida-0-to-1-years-111125500607,2026-03-04T17:32:25.478590,a8192c741189797c14af1dc1a76882b06b095c9ef2c06c0d1250318bdb0f6f31,
Data Analytics Intern,Refonte Infini,Remote,,,"['Analytics', 'Data Analytics', 'R']",Starts in 1-3 months,,Internship,naukri.com,https://www.naukri.com/job-listings-data-analytics-intern-refonte-infini-remote-0-to-1-years-070325503180,2026-03-04T17:32:37.943726,5c0e137db1a0d0c50290afba92158b80caf9efeb25eddd361b7bbaa1142c3954,
Data Analyst Intern,Highway Roop Precision Technologies,Gurugram,,,"['Data Analysis', 'R']",Starts within 1 month,,Internship,naukri.com,https://www.naukri.com/job-listings-data-analyst-intern-highway-roop-precision-technologies-gurugram-0-to-1-years-040126000470,2026-03-04T17:32:37.944114,6ecb32ac12b18285c7e79afcfb8165cb2578bb4a372405c75cb7f4f255a29c42,
Marketing intern + Data Analyst,Dhoot Transmission,Pune,,,"['Data Analysis', 'R']",Starts within 1 month,,Internship,naukri.com,https://www.naukri.com/job-listings-marketing-intern-data-analyst-dhoot-transmission-pune-0-to-1-years-030226017435,2026-03-04T17:32:37.944693,bd8e5196be38632b7f599f9fd89e27617c217b6bef71f69ffb64989e8f75fccf,
Field Engineer Associate,Thriveni Transport and Logistics Pvt Ltd (Lloyds Surya),Remote,,,['R'],Starts within 1 month,,Internship,naukri.com,https://www.naukri.com/job-listings-field-engineer-associate-thriveni-transport-and-logistics-pvt-ltd-lloyds-surya-chandrapur-0-to-1-years-050226030255,2026-03-04T17:32:37.945034,85c246b76c542251d2b525a88d5a395ed410baaffec22c2ea2794ed14ae383b7,
Product Intern,Greenizon Agritech Consultancy,Bengaluru,,,['R'],Starts in 1-3 months,,Internship,naukri.com,https://www.naukri.com/job-listings-product-intern-jai-kisan-bengaluru-0-to-1-years-091025503473,2026-03-04T17:32:37.945395,3e09a408feb4bb67acdf024ff66d5ce39b3f04d476b8a65be5527b3c9cf2628b,
Internship,Radian Finserv,Bengaluru,,,['R'],Starts in 1-3 months,,Internship,naukri.com,https://www.naukri.com/job-listings-internship-radian-finserv-private-limited-bengaluru-0-to-1-years-141125503550,2026-03-04T17:32:37.945770,d65644e01be7dd063b4fc5289181b64f195b6730241a824af4430f7a8603dc00,
Venture Strategy & Research Analyst Intern,Yasham Academy Com,Akola,,,"['R', 'Research']",Starts in 1-3 months,,Internship,naukri.com,https://www.naukri.com/job-listings-venture-strategy-research-analyst-intern-yasham-academy-akola-0-to-1-years-270126506180,2026-03-04T17:32:37.946109,60e59c94622af290b4b06d568ff7d3b8c8790dc60e34708a2c20f74f8bc97b1c,
Trainee Software Test Engineer,Megron Tech,Bengaluru,,,"['Artificial Intelligence', 'R']",Starts within 1 month,,Internship,naukri.com,https://www.naukri.com/job-listings-trainee-software-test-engineer-megron-tech-bengaluru-0-to-1-years-190226024701,2026-03-04T17:32:37.946480,9e3c8089564bc54fd42704c9550b15cb267c7d5e4a137d14a207ae303a98a5c2,
Software Engineering Intern,Simbo.ai,Bengaluru,,,"['Artificial Intelligence', 'R']",Starts in 1-3 months,,Internship,naukri.com,https://www.naukri.com/job-listings-software-engineering-intern-simbo-ai-bengaluru-0-to-1-years-250320501368,2026-03-04T17:32:37.946850,d87e4f3b3d8686c89b9bed6398333f71b3b0a6de83524d387ec188b5ff87b119,
Drone Engineer Intern,Xiotz,"Kolkata, Mumbai, New Delhi, Hyderabad, Pune, Chennai, Bengaluru",,,"['Artificial Intelligence', 'R']",Starts in 1-3 months,,Internship,naukri.com,https://www.naukri.com/job-listings-drone-engineer-intern-xiotz-private-limited-kolkata-mumbai-new-delhi-hyderabad-pune-chennai-bengaluru-0-to-1-years-171224502322,2026-03-04T17:32:37.947235,d1318054c788a1f15fc00a729e55180526e3ef4e5a1db5b80b85078325d69804,
Industrial Trainee,Cars24 Austarlia,Gurugram,,,"['Artificial Intelligence', 'R']",Starts within 1 month,,Internship,naukri.com,https://www.naukri.com/job-listings-industrial-trainee-cars24-austarlia-gurugram-0-to-1-years-240226044262,2026-03-04T17:32:37.947556,e86230ed6bc5f7cbe56e2c09139c784493e6276c49aaff87a98dde586cd309f2,
PYTHON DEVELOPMENT,Godigi Infotech,Mumbai,,,"['Artificial Intelligence', 'Python']",Starts in 1-3 months,,Internship,naukri.com,https://www.naukri.com/job-listings-python-development-godigi-infotech-mumbai-0-to-5-years-150126502799,2026-03-04T17:32:37.947920,b364d06b5aae01a1e2b9f87986209df6f9d99d87a89b7ad5b7b3653b098e2e6b,
Business Development Intern,Iota Infotech,Mohali,,,['R'],Starts in 1-3 months,,Internship,naukri.com,https://www.naukri.com/job-listings-business-development-intern-iota-infotech-pvt-ltd-mohali-0-to-1-years-291025502014,2026-03-04T17:32:37.948450,4eb530a76673d7ef94ee123a81c633f21e36fd08828df884653c9ac375f7cff9,
CA Industrial Trainee- Controllership,OYO,Gurugram(Sector 69),,,"['Artificial Intelligence', 'R']",Starts within 1 month,,Internship,naukri.com,https://www.naukri.com/job-listings-ca-industrial-trainee-controllership-oyo-gurugram-0-to-1-years-160226017407,2026-03-04T17:32:37.948973,4b5dfb4c49f2d567d6192a2c767d8e02d46e89e16141db1f12a80a494de5f511,
Intern Masters,Sparta Systems,Bengaluru,,,['R'],Starts in 1-3 months,,Internship,naukri.com,https://www.naukri.com/job-listings-intern-masters-spartasystems-bengaluru-0-to-1-years-030326500527,2026-03-04T17:32:37.949662,2185dd527ee9d743cfc16b04945682adf13dbd3b66ff47fbcbf31d3ee99c146f,
Intern Bachelors,Sparta Systems,Bengaluru,,,['R'],Starts in 1-3 months,,Internship,naukri.com,https://www.naukri.com/job-listings-intern-bachelors-spartasystems-bengaluru-0-to-1-years-030326500526,2026-03-04T17:32:37.950451,7fea43912c36776fc4fa3c6ef090e34d330f0b8d0b05ac1a6a1d68e0a2adffe4,
Business Development Intern,SMART ED,Bengaluru,,,['R'],Starts in 1-3 months,,Internship,naukri.com,https://www.naukri.com/job-listings-business-development-intern-smart-ed-techno-solutions-bengaluru-0-to-1-years-121023502544,2026-03-04T17:32:37.951127,b8b08b5f3b69fa721855ff707880d943570171c4023e09ce5989c2c08842751e,
Sap Intern,Solar Industries India,Dholpur,,,['R'],Starts : 23rd Mar' 26,,Internship,naukri.com,https://www.naukri.com/job-listings-sap-intern-solar-industries-india-dholpur-0-to-1-years-040326011206,2026-03-04T17:32:37.951757,c5d8cd6e589e664ae0b7cbce03e40b50c040dd3c285542815fbea924033f2ea2,
Customer Support Intern,Kerry Ingredients,Bengaluru(Bellandur),,,['R'],Starts : 16th Mar' 26,,Internship,naukri.com,https://www.naukri.com/job-listings-customer-support-intern-kerry-ingredients-bengaluru-0-to-1-years-030326021295,2026-03-04T17:32:37.952386,3a180d93f4525db4d85f8e1001a8119599eabb7e3c52b6c86d195a4604838a5c,
PR & Marketing Internship,Niyogi Books,New Delhi,,,['R'],Starts in 1-3 months,,Internship,naukri.com,https://www.naukri.com/job-listings-pr-marketing-internship-niyogi-books-new-delhi-0-to-1-years-240424501430,2026-03-04T17:32:37.953041,a94cb18756d2e2de08e18267d9ba0f128d947a9fac15bff52a9f62b56a3fc9ca,
Content Writer / Developer - Intern,Indra Shakti Ventures,Mumbai,,,"['Artificial Intelligence', 'R']",Starts in 1-3 months,,Internship,naukri.com,https://www.naukri.com/job-listings-content-writer-developer-intern-indra-shakti-ventures-mumbai-0-to-1-years-190924504274,2026-03-04T17:32:52.219857,0905629a813573a8ef375a8d0f7687bddbc341330137eaab775b9f3d238d6415,
Python Developer,Bharatrohan,Gurugram,,,"['Python', 'R']",Starts in 1-3 months,,Internship,naukri.com,https://www.naukri.com/job-listings-python-developer-bharat-rohan-airborne-innovations-private-limited-gurugram-0-to-2-years-080126500415,2026-03-04T17:32:52.220266,73ffd9192983277bd6cb84ef64f2d525c8a1a5161883ac17b58cbcc5c29e844e,
ML Engineering Internship,Aionos,Gurugram,,,"['Artificial Intelligence', 'Machine Learning', 'Machine Learning Engineering', 'R']",Starts in 1-3 months,,Internship,naukri.com,https://www.naukri.com/job-listings-ml-engineering-internship-aionos-gurugram-0-to-1-years-120925502819,2026-03-04T17:32:52.220636,24ddc9b4b04faada0e6032dddba0d4a53ddeff2e0ba1eb1d3980033c8b1dbca6,
Full Stack Engineer Intern,Exponentia Datalabs,Mumbai,,,"['Artificial Intelligence', 'R']",Starts in 1-3 months,,Internship,naukri.com,https://www.naukri.com/job-listings-full-stack-engineer-intern-exponentia-datalabs-pvt-ltd-mumbai-0-to-2-years-091225504269,2026-03-04T17:32:52.221031,e3167e65c398fa8a042849901a1b8e1902bb53aaa23e862c62c07e272b7f9ffb,
Software Development Engineer (SDE) Intern,Pgagi,Remote,,,['R'],Starts in 1-3 months,,Internship,naukri.com,https://www.naukri.com/job-listings-software-development-engineer-sde-intern-pgagi-remote-0-to-1-years-260325505016,2026-03-04T17:32:52.221397,3ea70bcd755b8fb07d91b5ff69a896d21300f45978119004f7afdab74764df93,
Associate ML Engineer- GET,Xenonstack,Mohali,,,"['Machine Learning', 'Machine Learning Engineering', 'R']",Starts in 1-3 months,,Internship,naukri.com,https://www.naukri.com/job-listings-associate-ml-engineer-get-xenonstack-private-ltd-mohali-0-to-1-years-160823500002,2026-03-04T17:32:52.221767,f76bf470466ec043be68414ca304341e1a718c048b0918e66fccea88f87edfa3,
Software Engineering Intern,Thinkhumble Creative Solutions,Pune,,,['R'],Starts in 1-3 months,,Internship,naukri.com,https://www.naukri.com/job-listings-software-engineering-intern-thinkhumble-creative-solutions-pvt-ltd-pune-0-to-2-years-120226504551,2026-03-04T17:32:52.222150,a618f87559d68ef23a521ca02bbc66e353f67561549a863d75ce9afed1d83608,
Software Engineer Intern,Mako It Lab,Chennai,,,"['Artificial Intelligence', 'R']",Starts in 1-3 months,,Internship,naukri.com,https://www.naukri.com/job-listings-software-engineer-intern-mako-it-lab-chennai-0-to-1-years-110925501487,2026-03-04T17:32:52.222520,3a45dad8febe3fffd92b805f9ca25e95ec03f893e5a45d0f049f5e38b3546a7f,
Computer Vision Engineer Intern,Virtualace In,Remote,,,"['Computer Vision', 'R']",Starts in 1-3 months,,Internship,naukri.com,https://www.naukri.com/job-listings-computer-vision-engineer-intern-virtualace-remote-0-to-1-years-030425503371,2026-03-04T17:32:52.222873,7f41def7a5b6114fe932d4f565bf984ab975bf069864afdc61ea0cfa58c9b755,
Quantitative Research Intern,Marketfeed,Bengaluru,,,"['R', 'Research']",Starts in 1-3 months,,Internship,naukri.com,https://www.naukri.com/job-listings-quantitative-research-intern-marketfeed-bengaluru-0-to-1-years-200226500359,2026-03-04T17:32:52.223252,b6e77e56e8d6f318fc8ab77c84e1eea6ecbd5b04f07cadbed2f14994d6392f77,
Market Research - Internship,Scimplify,Bengaluru,,,"['R', 'Research']",Starts in 1-3 months,,Internship,naukri.com,https://www.naukri.com/job-listings-market-research-internship-scimplify-bengaluru-0-to-5-years-170226504539,2026-03-04T17:32:52.223629,cc1b90fe532b2f7661a10caa2c4613da286bc794b8f69c266e4d5ede17417f5c,
Business Analyst Traineeship,Gigafactor Solutions,Bengaluru,,,"['Artificial Intelligence', 'R']",Starts in 1-3 months,,Internship,naukri.com,https://www.naukri.com/job-listings-business-analyst-traineeship-gigafactor-solutions-bengaluru-0-to-4-years-300126501865,2026-03-04T17:32:52.223992,e6893ae63ce62320f43efdbf721e97ba86f3ea7e44bc4d7f09447e0aca0482ea,
Bioinformatics Intern / Analyst,Deepknomics,Bengaluru,,,['R'],Starts in 1-3 months,,Internship,naukri.com,https://www.naukri.com/job-listings-bioinformatics-intern-analyst-deepknomics-bengaluru-0-to-3-years-061125506133,2026-03-04T17:32:52.224337,6e03ff841190f21b0f09f926d389bd8d5ab519a6c2613f55a168e4a779a1d689,
Intern - IT Operations,MGO India,Bengaluru,,,['R'],Starts within 1 month,,Internship,naukri.com,https://www.naukri.com/job-listings-intern-it-operations-mgo-india-bengaluru-0-to-1-years-190226026721,2026-03-04T17:32:52.224731,11adcd4283ed557c12ba1c00a7dcc9f46427ae2921391cf9248ce6a417ce255b,
Operations Research Intern,Impact Analytics,Bengaluru,,,"['Analytics', 'R', 'Research']",Starts in 1-3 months,,Internship,naukri.com,https://www.naukri.com/job-listings-operations-research-intern-impact-analytics-bengaluru-0-to-1-years-160226508314,2026-03-04T17:32:52.225145,82c3a63f5d55312e553083e9490f211d8132912e574f13298e3d2170bb3d3101,
SQL Developer Fresher Interns,Gigafactor Solutions,Bengaluru,,,"['R', 'SQL']",Starts in 1-3 months,,Internship,naukri.com,https://www.naukri.com/job-listings-sql-developer-fresher-interns-gigafactor-solutions-bengaluru-0-to-4-years-300126501877,2026-03-04T17:32:52.225507,cdaa833df86d91797043a2be04d867ef607f232264e8496d483a54dd0ce9c746,
HR Executive Traineeship (Hands-on Exp),Gigafactor Solutions,Bengaluru,,,"['Artificial Intelligence', 'R']",Starts in 1-3 months,,Internship,naukri.com,https://www.naukri.com/job-listings-hr-executive-traineeship-hands-on-exp-gigafactor-solutions-bengaluru-0-to-1-years-300126501871,2026-03-04T17:32:52.225890,d582d320d4ae895c55294c0982f514a9210cbde15cf60ec2c51715982a0fcc0a,
Product Operations Intern,Clickpost,Bengaluru,,,['R'],Starts in 1-3 months,,Internship,naukri.com,https://www.naukri.com/job-listings-product-operations-intern-clickpost-bengaluru-0-to-1-years-261225502237,2026-03-04T17:32:52.226339,2289ad0ca726bde4a317b2f8d0007f21488e12bf72c31780b3423c279edcc8d8,
Finance Intern,Codemonk,Bengaluru,,,['R'],Starts in 1-3 months,,Internship,naukri.com,https://www.naukri.com/job-listings-finance-intern-codemonk-bengaluru-0-to-1-years-131125503106,2026-03-04T17:32:52.226766,ef8931c0cdafa37e75c19301348b14634267765d51943c01ec7dbe56b5674299,
Biomodeling Intern,Cellworks Research India,Bengaluru,,,"['R', 'Research']",Starts in 1-3 months,,Internship,naukri.com,https://www.naukri.com/job-listings-biomodeling-intern-cellworks-research-group-bengaluru-0-to-2-years-130226502160,2026-03-04T17:32:52.227209,c37ddadeb8331e05744bfa233eccd494ee38daa2ec6126f6913c0d4f98c5cb85,
Image Processing Intern,Satsure Analytics,Bengaluru,,,"['Analytics', 'R']",Starts in 1-3 months,,Internship,naukri.com,https://www.naukri.com/job-listings-image-processing-intern-satsure-analytics-india-pvt-ltd-bengaluru-0-to-1-years-120226504837,2026-03-04T17:33:05.466993,984f82d33bb744b913e879df88a68af562d62b4a75fb641d7015d89df87df1cf,
Intern,Adda247,Bengaluru,,,['R'],Starts in 1-3 months,,Internship,naukri.com,https://www.naukri.com/job-listings-intern-adda247-bengaluru-0-to-2-years-120226501576,2026-03-04T17:33:05.467423,612178860ea62edf6a6850cc15e172157ba9b0a05a12504bc0f9ef128172e3cd,
Project Coordinator,Damooga Foundation,"Mumbai, Hyderabad, New Delhi, Chennai, Bengaluru",,,"['Artificial Intelligence', 'R']",Starts in 1-3 months,,Internship,naukri.com,https://www.naukri.com/job-listings-project-coordinator-damooga-foundation-mumbai-hyderabad-new-delhi-chennai-bengaluru-0-to-3-years-111125502608,2026-03-04T17:33:05.467828,f607fe99c0bfa2b8666ab56b544d42a1f684ab8e14f97c41c754f44c5caf0446,
Index Production Intern,Merqube,Bengaluru,,,['R'],Starts in 1-3 months,,Internship,naukri.com,https://www.naukri.com/job-listings-index-production-intern-merqube-bengaluru-0-to-1-years-080126500997,2026-03-04T17:33:05.468186,b15f9fa15c3ca67e8df3d1b07b8448dc8b703d93623be14037f28533f76f9828,
BSW Intern,Arissa India,Bengaluru,,,['R'],Starts in 1-3 months,,Internship,naukri.com,https://www.naukri.com/job-listings-bsw-intern-arissa-india-bengaluru-0-to-2-years-061125502207,2026-03-04T17:33:05.468559,0bacb03dbb641cff8f926bac29c9a4a3a8c0225ac2521bf3158fad54bdbc379e,
Commercial Ops Intern,Heinz,Ahmedabad,,,['R'],Starts in 1-3 months,,Internship,naukri.com,https://www.naukri.com/job-listings-commercial-ops-intern-kraft-heinz-company-ahmedabad-0-to-2-years-030326502566,2026-03-04T17:33:05.468955,9d4811d4664de554467382ccb600f2e5d449c7933a02cc2a446ab80ec6ef5b04,
Intern,Vowels Of The People Association,Pune,,,['R'],Starts in 1-3 months,,Internship,naukri.com,https://www.naukri.com/job-listings-intern-vopa-pune-0-to-1-years-030326500532,2026-03-04T17:33:05.469336,da06512a5a7655ebd3fbdca4211e2db0a5aa067025d62a0aff7e207ee32055da,
Intern Information Technology,Evolute Group,Bengaluru,,,['R'],Starts in 1-3 months,,Internship,naukri.com,https://www.naukri.com/job-listings-intern-information-technology-evolute-group-bengaluru-0-to-1-years-030226502559,2026-03-04T17:33:05.470083,2a77965b47afed997f3078826095949074120dca2b61936b449d9588eb2394a9,
INTERNSHIP,Arkesh Technology Bangalore,Bengaluru,,,['R'],Starts in 1-3 months,,Internship,naukri.com,https://www.naukri.com/job-listings-internship-arkesh-technology-private-limited-bengaluru-0-to-5-years-290925502820,2026-03-04T17:33:05.470446,8061cc656dfb5927a789971da45e70915be4aa46f0abf5e24f61cc63377032ee,
Sales Intern,Jhana,"New Delhi, Bengaluru",,,['R'],Starts in 1-3 months,,Internship,naukri.com,https://www.naukri.com/job-listings-sales-intern-jhana-new-delhi-bengaluru-0-to-1-years-280825502090,2026-03-04T17:33:05.470783,f6a1bbac6d46fb55d93bf996e9434d3711d0434d4c85209cf5b86d64c782dbaf,
Trainee - RAA,Nexdigm (SKP),Mumbai,,,"['Artificial Intelligence', 'R']",Starts in 1-3 months,,Internship,naukri.com,https://www.naukri.com/job-listings-trainee-raa-nexdigm-skp-mumbai-0-to-1-years-280325501532,2026-03-04T17:33:05.471171,03b68da1ff2058ced7407799b9a1621f0ab8d7067edfd1958c047734c347f652,
Recruitment Intern,Westlisoft Technologies,"Kolkata, Mumbai, New Delhi, Hyderabad, Pune, Chennai, Bengaluru",,,"['Artificial Intelligence', 'R']",Starts in 1-3 months,,Internship,naukri.com,https://www.naukri.com/job-listings-recruitment-intern-westlisoft-technologies-kolkata-mumbai-new-delhi-hyderabad-pune-chennai-bengaluru-0-to-1-years-270524501146,2026-03-04T17:33:05.471680,8eabae0ffb0af98a40753a224bcec22f34e09008f9a1479df9c7b93f786a9685,
Trainee - BFS,Nexdigm (SKP),Mumbai,,,"['Artificial Intelligence', 'R']",Starts in 1-3 months,,Internship,naukri.com,https://www.naukri.com/job-listings-trainee-bfs-nexdigm-skp-mumbai-0-to-1-years-261225502446,2026-03-04T17:33:05.472097,a2ce5a89520bf142e70bdcef3c7658e28eca015871c51f9c8f0b99d83a5b3caa,
Consumer Growth Intern,Medibuddy,Bengaluru,,,['R'],Starts in 1-3 months,,Internship,naukri.com,https://www.naukri.com/job-listings-consumer-growth-intern-medibuddy-bengaluru-0-to-1-years-261125505007,2026-03-04T17:33:05.472493,8efd1a9cd4d9b5b49f8915ece3bb275179223828bb1707af7c48dc9d94829aad,
Market Research Intern,Hermit Coffee,"Kolkata, Mumbai, New Delhi, Hyderabad, Pune, Chennai, Bengaluru",,,"['Artificial Intelligence', 'R', 'Research']",Starts in 1-3 months,,Internship,naukri.com,https://www.naukri.com/job-listings-market-research-intern-hermit-coffee-kolkata-mumbai-new-delhi-hyderabad-pune-chennai-bengaluru-0-to-1-years-211124504888,2026-03-04T17:33:05.472849,4b63f8403372e7d23d01b61a783e98f6a8ade989fc72d1453684279d0b397e80,
Quantitative Research Intern,True Beacon Investment Advisors,Bengaluru,,,"['R', 'Research']",Starts in 1-3 months,,Internship,naukri.com,https://www.naukri.com/job-listings-quantitative-research-intern-true-beacon-bengaluru-0-to-1-years-211024503480,2026-03-04T17:33:05.473237,5796a282875d256b5173c0463887f748471d552978b2af5561391f70c44e2111,
Trainee,Nexdigm (SKP),Mumbai,,,"['Artificial Intelligence', 'R']",Starts in 1-3 months,,Internship,naukri.com,https://www.naukri.com/job-listings-trainee-nexdigm-skp-mumbai-0-to-1-years-190825500336,2026-03-04T17:33:05.473652,1fb9a10e2ac75798543b2253f69d3f06e5f68a3de1d1b49108aae7d0c7d44650,
intern,Adcanopus Digital Media,Bengaluru,,,['R'],Starts in 1-3 months,,Internship,naukri.com,https://www.naukri.com/job-listings-intern-adcanopus-digital-media-pvt-ltd-bengaluru-0-to-1-years-180825500511,2026-03-04T17:33:05.474047,e68b234d20c09185eb9ba722c0b634748f0403420e803a5ecc4233b37450ae47,
E-Commerce Management Intern,Butobox,"Kolkata, Mumbai, New Delhi, Hyderabad, Pune, Chennai, Bengaluru",,,"['Artificial Intelligence', 'R']",Starts in 1-3 months,,Internship,naukri.com,https://www.naukri.com/job-listings-e-commerce-management-intern-butobox-kolkata-mumbai-new-delhi-hyderabad-pune-chennai-bengaluru-0-to-1-years-180624502230,2026-03-04T17:33:05.474407,5063cdf46d52d8dee162ef9a1161f665f7fd968c655d856d9cf3e70fa8c70758,
HR Intern,Cowrks,Bengaluru,,,['R'],Starts in 1-3 months,,Internship,naukri.com,https://www.naukri.com/job-listings-hr-intern-cowrks-bengaluru-0-to-2-years-180225501390,2026-03-04T17:33:05.474826,5375517b718e893a5e3fc0e74a34d55835b92f7e0f536e8dfed38315ddeec2b8,
Business Development Intern,Vydio,Mumbai,,,"['Artificial Intelligence', 'R']",Starts in 1-3 months,,Internship,naukri.com,https://www.naukri.com/job-listings-business-development-intern-vydio-biz-mumbai-0-to-1-years-170725503050,2026-03-04T17:33:18.035795,3fb40ecf5ac665eac4462b45b167331360a8cada86a018a0fb11630e1fef08f0,
MARS Internship Program,Digital Solution Tech,"Kolkata, Mumbai, New Delhi, Hyderabad, Pune, Chennai, Bengaluru",,,"['Artificial Intelligence', 'R']",Starts in 1-3 months,,Internship,naukri.com,https://www.naukri.com/job-listings-mars-internship-program-digital-solution-tech-kolkata-mumbai-new-delhi-hyderabad-pune-chennai-bengaluru-0-to-1-years-170725503045,2026-03-04T17:33:18.036162,a84c98f41a30513c9ada1fef55b1e281665b0e6160bc27391996327449e3ebec,
Trainee - Market Research,Nexdigm (SKP),Gurugram,,,"['Artificial Intelligence', 'R', 'Research']",Starts in 1-3 months,,Internship,naukri.com,https://www.naukri.com/job-listings-trainee-market-research-nexdigm-skp-gurugram-0-to-2-years-160126500802,2026-03-04T17:33:18.036616,2600aa279434d9631a8d4cd8bff234b12fc084b54f2b7170ba0bb69c6f2f2cc4,
Business Development Intern,Digixess,Bengaluru,,,['R'],Starts in 1-3 months,,Internship,naukri.com,https://www.naukri.com/job-listings-business-development-intern-digixess-bengaluru-0-to-1-years-131224503917,2026-03-04T17:33:18.036997,2a58e07a14cf459d7b5e04bea99ce59e76872471453e1be85ddf9484695e4628,
Internship,Trai Inc,"Kolkata, Mumbai, New Delhi, Hyderabad, Pune, Chennai, Bengaluru",,,"['Artificial Intelligence', 'R']",Starts in 1-3 months,,Internship,naukri.com,https://www.naukri.com/job-listings-internship-trai-inc-kolkata-mumbai-new-delhi-hyderabad-pune-chennai-bengaluru-0-to-4-years-130325504670,2026-03-04T17:33:18.037396,a32f11b3f1d4a32a363d33c26106c14886fa74623030e96bd4d346d23116d845,
